"","Year","Ceremony","Award","Winner","Name","Film"
"20","1927/1928",1,"Outstanding Picture",NA,"The Caddo Company","The Racket"
"21","1927/1928",1,"Outstanding Picture",NA,"Fox","7th Heaven"
"22","1927/1928",1,"Outstanding Picture",1,"Paramount Famous Lasky","Wings"
"63","1928/1929",2,"Outstanding Picture",NA,"Feature Productions","Alibi"
"64","1928/1929",2,"Outstanding Picture",NA,"Fox","In Old Arizona"
"65","1928/1929",2,"Outstanding Picture",1,"Metro-Goldwyn-Mayer","The Broadway Melody"
"66","1928/1929",2,"Outstanding Picture",NA,"Metro-Goldwyn-Mayer","Hollywood Revue"
"67","1928/1929",2,"Outstanding Picture",NA,"Paramount Famous Lasky","The Patriot"
"101","1929/1930",3,"Outstanding Production",1,"All Quiet on the Western Front ","Universal"
"102","1929/1930",3,"Outstanding Production",NA,"The Big House ","Cosmopolitan"
"103","1929/1930",3,"Outstanding Production",NA,"Disraeli ","Warner Brothers"
"104","1929/1930",3,"Outstanding Production",NA,"The Divorcee ","Metro-Goldwyn-Mayer"
"105","1929/1930",3,"Outstanding Production",NA,"The Love Parade ","Paramount Famous Lasky"
"141","1930/1931",4,"Outstanding Production",1,"Cimarron ","RKO Radio"
"142","1930/1931",4,"Outstanding Production",NA,"East Lynne ","Fox"
"143","1930/1931",4,"Outstanding Production",NA,"The Front Page ","The Caddo Company"
"144","1930/1931",4,"Outstanding Production",NA,"Skippy ","Paramount Publix"
"145","1930/1931",4,"Outstanding Production",NA,"Trader Horn ","Metro-Goldwyn-Mayer"
"175","1931/1932",5,"Outstanding Production",NA,"Arrowsmith ","Samuel Goldwyn Productions"
"176","1931/1932",5,"Outstanding Production",NA,"Bad Girl ","Fox"
"177","1931/1932",5,"Outstanding Production",NA,"The Champ ","Metro-Goldwyn-Mayer"
"178","1931/1932",5,"Outstanding Production",NA,"Five Star Final ","First National"
"179","1931/1932",5,"Outstanding Production",1,"Grand Hotel ","Metro-Goldwyn-Mayer"
"180","1931/1932",5,"Outstanding Production",NA,"One Hour with You ","Paramount Publix"
"181","1931/1932",5,"Outstanding Production",NA,"Shanghai Express ","Paramount Publix"
"182","1931/1932",5,"Outstanding Production",NA,"The Smiling Lieutenant ","Paramount Publix"
"238","1932/1933",6,"Outstanding Production",1,"Cavalcade ","Fox"
"239","1932/1933",6,"Outstanding Production",NA,"A Farewell to Arms ","Paramount [Second]"
"240","1932/1933",6,"Outstanding Production",NA,"42nd Street ","Warner Brothers"
"241","1932/1933",6,"Outstanding Production",NA,"I Am a Fugitive from a Chain Gang ","Warner Brothers"
"242","1932/1933",6,"Outstanding Production",NA,"Lady for a Day ","Columbia"
"243","1932/1933",6,"Outstanding Production",NA,"Little Women ","RKO Radio [Third]"
"244","1932/1933",6,"Outstanding Production",NA,"The Private Life of Henry VIII ","London Films"
"245","1932/1933",6,"Outstanding Production",NA,"She Done Him Wrong ","Paramount"
"246","1932/1933",6,"Outstanding Production",NA,"Smilin' Through ","Metro-Goldwyn-Mayer"
"247","1932/1933",6,"Outstanding Production",NA,"State Fair ","Fox"
"295","1934",7,"Outstanding Production",NA,"The Barretts of Wimpole Street ","Metro-Goldwyn-Mayer [Second]"
"296","1934",7,"Outstanding Production",NA,"Cleopatra ","Paramount"
"297","1934",7,"Outstanding Production",NA,"Flirtation Walk ","First National"
"298","1934",7,"Outstanding Production",NA,"The Gay Divorcee ","RKO Radio"
"299","1934",7,"Outstanding Production",NA,"Here Comes the Navy ","Warner Brothers"
"300","1934",7,"Outstanding Production",NA,"The House of Rothschild ","20th Century [Third]"
"301","1934",7,"Outstanding Production",NA,"Imitation of Life ","Universal"
"302","1934",7,"Outstanding Production",1,"It Happened One Night ","Columbia"
"303","1934",7,"Outstanding Production",NA,"One Night of Love ","Columbia"
"304","1934",7,"Outstanding Production",NA,"The Thin Man ","Metro-Goldwyn-Mayer"
"305","1934",7,"Outstanding Production",NA,"Viva Villa! ","Metro-Goldwyn-Mayer"
"306","1934",7,"Outstanding Production",NA,"The White Parade ","Jesse L. Lasky (production company)"
"378","1935",8,"Outstanding Production",NA,"Alice Adams ","RKO Radio"
"379","1935",8,"Outstanding Production",NA,"Broadway Melody of 1936 ","Metro-Goldwyn-Mayer"
"380","1935",8,"Outstanding Production",NA,"Captain Blood ","Cosmopolitan [Third]"
"381","1935",8,"Outstanding Production",NA,"David Copperfield ","Metro-Goldwyn-Mayer"
"382","1935",8,"Outstanding Production",NA,"The Informer ","RKO Radio [Second]"
"383","1935",8,"Outstanding Production",NA,"Les Miserables ","20th Century"
"384","1935",8,"Outstanding Production",NA,"The Lives of a Bengal Lancer ","Paramount"
"385","1935",8,"Outstanding Production",NA,"A Midsummer Night's Dream ","Warner Brothers"
"386","1935",8,"Outstanding Production",1,"Mutiny on the Bounty ","Metro-Goldwyn-Mayer"
"387","1935",8,"Outstanding Production",NA,"Naughty Marietta ","Metro-Goldwyn-Mayer"
"388","1935",8,"Outstanding Production",NA,"Ruggles of Red Gap ","Paramount"
"389","1935",8,"Outstanding Production",NA,"Top Hat ","RKO Radio"
"481","1936",9,"Outstanding Production",NA,"Anthony Adverse ","Warner Brothers"
"482","1936",9,"Outstanding Production",NA,"Dodsworth ","Samuel Goldwyn Productions"
"483","1936",9,"Outstanding Production",1,"The Great Ziegfeld ","Metro-Goldwyn-Mayer"
"484","1936",9,"Outstanding Production",NA,"Libeled Lady ","Metro-Goldwyn-Mayer"
"485","1936",9,"Outstanding Production",NA,"Mr. Deeds Goes to Town ","Columbia"
"486","1936",9,"Outstanding Production",NA,"Romeo and Juliet ","Metro-Goldwyn-Mayer"
"487","1936",9,"Outstanding Production",NA,"San Francisco ","Metro-Goldwyn-Mayer"
"488","1936",9,"Outstanding Production",NA,"The Story of Louis Pasteur ","Cosmopolitan"
"489","1936",9,"Outstanding Production",NA,"A Tale of Two Cities ","Metro-Goldwyn-Mayer"
"490","1936",9,"Outstanding Production",NA,"Three Smart Girls ","Universal"
"600","1937",10,"Outstanding Production",NA,"The Awful Truth ","Columbia"
"601","1937",10,"Outstanding Production",NA,"Captains Courageous ","Metro-Goldwyn-Mayer"
"602","1937",10,"Outstanding Production",NA,"Dead End ","Samuel Goldwyn Productions"
"603","1937",10,"Outstanding Production",NA,"The Good Earth ","Metro-Goldwyn-Mayer"
"604","1937",10,"Outstanding Production",NA,"In Old Chicago ","20th Century-Fox"
"605","1937",10,"Outstanding Production",1,"The Life of Emile Zola ","Warner Brothers"
"606","1937",10,"Outstanding Production",NA,"Lost Horizon ","Columbia"
"607","1937",10,"Outstanding Production",NA,"One Hundred Men and a Girl ","Universal"
"608","1937",10,"Outstanding Production",NA,"Stage Door ","RKO Radio"
"609","1937",10,"Outstanding Production",NA,"A Star Is Born ","Selznick International Pictures"
"731","1938",11,"Outstanding Production",NA,"The Adventures of Robin Hood ","Warner Brothers-First National"
"732","1938",11,"Outstanding Production",NA,"Alexander's Ragtime Band ","20th Century-Fox"
"733","1938",11,"Outstanding Production",NA,"Boys Town ","Metro-Goldwyn-Mayer"
"734","1938",11,"Outstanding Production",NA,"The Citadel ","Metro-Goldwyn-Mayer"
"735","1938",11,"Outstanding Production",NA,"Four Daughters ","Warner Brothers-First National"
"736","1938",11,"Outstanding Production",NA,"Grand Illusion ","Realization D'Art Cinematographique"
"737","1938",11,"Outstanding Production",NA,"Jezebel ","Warner Brothers"
"738","1938",11,"Outstanding Production",NA,"Pygmalion ","Metro-Goldwyn-Mayer"
"739","1938",11,"Outstanding Production",NA,"Test Pilot ","Metro-Goldwyn-Mayer"
"740","1938",11,"Outstanding Production",1,"You Can't Take It with You ","Columbia"
"874","1939",12,"Outstanding Production",NA,"Dark Victory ","Warner Brothers-First National"
"875","1939",12,"Outstanding Production",1,"Gone with the Wind ","Selznick International Pictures"
"876","1939",12,"Outstanding Production",NA,"Goodbye, Mr. Chips ","Metro-Goldwyn-Mayer"
"877","1939",12,"Outstanding Production",NA,"Love Affair ","RKO Radio"
"878","1939",12,"Outstanding Production",NA,"Mr. Smith Goes to Washington ","Columbia"
"879","1939",12,"Outstanding Production",NA,"Ninotchka ","Metro-Goldwyn-Mayer"
"880","1939",12,"Outstanding Production",NA,"Of Mice and Men ","Hal Roach (production company)"
"881","1939",12,"Outstanding Production",NA,"Stagecoach ","Walter Wanger (production company)"
"882","1939",12,"Outstanding Production",NA,"The Wizard of Oz ","Metro-Goldwyn-Mayer"
"883","1939",12,"Outstanding Production",NA,"Wuthering Heights ","Samuel Goldwyn Productions"
"1027","1940",13,"Outstanding Production",NA,"All This, and Heaven Too ","Warner Brothers"
"1028","1940",13,"Outstanding Production",NA,"Foreign Correspondent ","Walter Wanger (production company)"
"1029","1940",13,"Outstanding Production",NA,"The Grapes of Wrath ","20th Century-Fox"
"1030","1940",13,"Outstanding Production",NA,"The Great Dictator ","Charles Chaplin Productions"
"1031","1940",13,"Outstanding Production",NA,"Kitty Foyle ","RKO Radio"
"1032","1940",13,"Outstanding Production",NA,"The Letter ","Warner Brothers"
"1033","1940",13,"Outstanding Production",NA,"The Long Voyage Home ","Argosy-Wanger"
"1034","1940",13,"Outstanding Production",NA,"Our Town ","Sol Lesser (production company)"
"1035","1940",13,"Outstanding Production",NA,"The Philadelphia Story ","Metro-Goldwyn-Mayer"
"1036","1940",13,"Outstanding Production",1,"Rebecca ","Selznick International Pictures"
"1200","1941",14,"Outstanding Motion Picture",NA,"Blossoms in the Dust ","Metro-Goldwyn-Mayer"
"1201","1941",14,"Outstanding Motion Picture",NA,"Citizen Kane ","Mercury"
"1202","1941",14,"Outstanding Motion Picture",NA,"Here Comes Mr. Jordan ","Columbia"
"1203","1941",14,"Outstanding Motion Picture",NA,"Hold Back the Dawn ","Paramount"
"1204","1941",14,"Outstanding Motion Picture",1,"How Green Was My Valley ","20th Century-Fox"
"1205","1941",14,"Outstanding Motion Picture",NA,"The Little Foxes ","Samuel Goldwyn Productions"
"1206","1941",14,"Outstanding Motion Picture",NA,"The Maltese Falcon ","Warner Brothers"
"1207","1941",14,"Outstanding Motion Picture",NA,"One Foot in Heaven ","Warner Brothers"
"1208","1941",14,"Outstanding Motion Picture",NA,"Sergeant York ","Warner Brothers"
"1209","1941",14,"Outstanding Motion Picture",NA,"Suspicion ","RKO Radio"
"1394","1942",15,"Outstanding Motion Picture",NA,"The Invaders ","Ortus"
"1395","1942",15,"Outstanding Motion Picture",NA,"Kings Row ","Warner Brothers"
"1396","1942",15,"Outstanding Motion Picture",NA,"The Magnificent Ambersons ","Mercury"
"1397","1942",15,"Outstanding Motion Picture",1,"Mrs. Miniver ","Metro-Goldwyn-Mayer"
"1398","1942",15,"Outstanding Motion Picture",NA,"The Pied Piper ","20th Century-Fox"
"1399","1942",15,"Outstanding Motion Picture",NA,"The Pride of the Yankees ","Samuel Goldwyn Productions"
"1400","1942",15,"Outstanding Motion Picture",NA,"Random Harvest ","Metro-Goldwyn-Mayer"
"1401","1942",15,"Outstanding Motion Picture",NA,"The Talk of the Town ","Columbia"
"1402","1942",15,"Outstanding Motion Picture",NA,"Wake Island ","Paramount"
"1403","1942",15,"Outstanding Motion Picture",NA,"Yankee Doodle Dandy ","Warner Brothers"
"1580","1943",16,"Outstanding Motion Picture",1,"Casablanca ","Warner Brothers"
"1581","1943",16,"Outstanding Motion Picture",NA,"For Whom the Bell Tolls ","Paramount"
"1582","1943",16,"Outstanding Motion Picture",NA,"Heaven Can Wait ","20th Century-Fox"
"1583","1943",16,"Outstanding Motion Picture",NA,"The Human Comedy ","Metro-Goldwyn-Mayer"
"1584","1943",16,"Outstanding Motion Picture",NA,"In Which We Serve ","Two Cities"
"1585","1943",16,"Outstanding Motion Picture",NA,"Madame Curie ","Metro-Goldwyn-Mayer"
"1586","1943",16,"Outstanding Motion Picture",NA,"The More the Merrier ","Columbia"
"1587","1943",16,"Outstanding Motion Picture",NA,"The Ox-Bow Incident ","20th Century-Fox"
"1588","1943",16,"Outstanding Motion Picture",NA,"The Song of Bernadette ","20th Century-Fox"
"1589","1943",16,"Outstanding Motion Picture",NA,"Watch on the Rhine ","Warner Brothers"
"1753","1944",17,"Best Motion Picture",NA,"Double Indemnity ","Paramount"
"1754","1944",17,"Best Motion Picture",NA,"Gaslight ","Metro-Goldwyn-Mayer"
"1755","1944",17,"Best Motion Picture",1,"Going My Way ","Paramount"
"1756","1944",17,"Best Motion Picture",NA,"Since You Went Away ","Selznick International Pictures"
"1757","1944",17,"Best Motion Picture",NA,"Wilson ","20th Century-Fox"
"1911","1945",18,"Best Motion Picture",NA,"Anchors Aweigh ","Metro-Goldwyn-Mayer"
"1912","1945",18,"Best Motion Picture",NA,"The Bells of St. Mary's ","Rainbow Productions"
"1913","1945",18,"Best Motion Picture",1,"The Lost Weekend ","Paramount"
"1914","1945",18,"Best Motion Picture",NA,"Mildred Pierce ","Warner Brothers"
"1915","1945",18,"Best Motion Picture",NA,"Spellbound ","Selznick International Pictures"
"2029","1946",19,"Best Motion Picture",1,"The Best Years of Our Lives ","Samuel Goldwyn Productions"
"2030","1946",19,"Best Motion Picture",NA,"Henry V ","J. Arthur Rank-Two Cities Films"
"2031","1946",19,"Best Motion Picture",NA,"It's a Wonderful Life ","Liberty Films"
"2032","1946",19,"Best Motion Picture",NA,"The Razor's Edge ","20th Century-Fox"
"2033","1946",19,"Best Motion Picture",NA,"The Yearling ","Metro-Goldwyn-Mayer"
"2134","1947",20,"Best Motion Picture",NA,"The Bishop's Wife ","Samuel Goldwyn Productions"
"2135","1947",20,"Best Motion Picture",NA,"Crossfire ","RKO Radio"
"2136","1947",20,"Best Motion Picture",1,"Gentleman's Agreement ","20th Century-Fox"
"2137","1947",20,"Best Motion Picture",NA,"Great Expectations ","J. Arthur Rank-Cineguild"
"2138","1947",20,"Best Motion Picture",NA,"Miracle on 34th Street ","20th Century-Fox"
"2245","1948",21,"Best Motion Picture",1,"Hamlet ","J. Arthur Rank-Two Cities Films"
"2246","1948",21,"Best Motion Picture",NA,"Johnny Belinda ","Warner Brothers"
"2247","1948",21,"Best Motion Picture",NA,"The Red Shoes ","J. Arthur Rank-Archers"
"2248","1948",21,"Best Motion Picture",NA,"The Snake Pit ","20th Century-Fox"
"2249","1948",21,"Best Motion Picture",NA,"The Treasure of the Sierra Madre ","Warner Brothers"
"2354","1949",22,"Best Motion Picture",1,"All the King's Men ","Robert Rossen Productions"
"2355","1949",22,"Best Motion Picture",NA,"Battleground ","Metro-Goldwyn-Mayer"
"2356","1949",22,"Best Motion Picture",NA,"The Heiress ","Paramount"
"2357","1949",22,"Best Motion Picture",NA,"A Letter to Three Wives ","20th Century-Fox"
"2358","1949",22,"Best Motion Picture",NA,"Twelve O'Clock High ","20th Century-Fox"
"2471","1950",23,"Best Motion Picture",1,"All about Eve ","20th Century-Fox"
"2472","1950",23,"Best Motion Picture",NA,"Born Yesterday ","Columbia"
"2473","1950",23,"Best Motion Picture",NA,"Father of the Bride ","Metro-Goldwyn-Mayer"
"2474","1950",23,"Best Motion Picture",NA,"King Solomon's Mines ","Metro-Goldwyn-Mayer"
"2475","1950",23,"Best Motion Picture",NA,"Sunset Blvd. ","Paramount"
"2591","1951",24,"Best Motion Picture",1,"An American in Paris ","Arthur Freed, Producer"
"2592","1951",24,"Best Motion Picture",NA,"Decision before Dawn ","Anatole Litvak and Frank McCarthy, Producers"
"2593","1951",24,"Best Motion Picture",NA,"A Place in the Sun ","George Stevens, Producer"
"2594","1951",24,"Best Motion Picture",NA,"Quo Vadis ","Sam Zimbalist, Producer"
"2595","1951",24,"Best Motion Picture",NA,"A Streetcar Named Desire ","Charles K. Feldman, Producer"
"2711","1952",25,"Best Motion Picture",1,"The Greatest Show on Earth ","Cecil B. DeMille, Producer"
"2712","1952",25,"Best Motion Picture",NA,"High Noon ","Stanley Kramer, Producer"
"2713","1952",25,"Best Motion Picture",NA,"Ivanhoe ","Pandro S. Berman, Producer"
"2714","1952",25,"Best Motion Picture",NA,"Moulin Rouge ","Romulus Films"
"2715","1952",25,"Best Motion Picture",NA,"The Quiet Man ","John Ford and Merian C. Cooper, Producers"
"2841","1953",26,"Best Motion Picture",1,"From Here to Eternity ","Buddy Adler, Producer"
"2842","1953",26,"Best Motion Picture",NA,"Julius Caesar ","John Houseman, Producer"
"2843","1953",26,"Best Motion Picture",NA,"The Robe ","Frank Ross, Producer"
"2844","1953",26,"Best Motion Picture",NA,"Roman Holiday ","William Wyler, Producer"
"2845","1953",26,"Best Motion Picture",NA,"Shane ","George Stevens, Producer"
"2967","1954",27,"Best Motion Picture",NA,"The Caine Mutiny ","Stanley Kramer, Producer"
"2968","1954",27,"Best Motion Picture",NA,"The Country Girl ","William Perlberg, Producer"
"2969","1954",27,"Best Motion Picture",1,"On the Waterfront ","Sam Spiegel, Producer"
"2970","1954",27,"Best Motion Picture",NA,"Seven Brides for Seven Brothers ","Jack Cummings, Producer"
"2971","1954",27,"Best Motion Picture",NA,"Three Coins in the Fountain ","Sol C. Siegel, Producer"
"3094","1955",28,"Best Motion Picture",NA,"Love Is a Many-Splendored Thing ","Buddy Adler, Producer"
"3095","1955",28,"Best Motion Picture",1,"Marty ","Harold Hecht, Producer"
"3096","1955",28,"Best Motion Picture",NA,"Mister Roberts ","Leland Hayward, Producer"
"3097","1955",28,"Best Motion Picture",NA,"Picnic ","Fred Kohlmar, Producer"
"3098","1955",28,"Best Motion Picture",NA,"The Rose Tattoo ","Hal B. Wallis, Producer"
"3224","1956",29,"Best Motion Picture",1,"Around the World in 80 Days ","Michael Todd, Producer"
"3225","1956",29,"Best Motion Picture",NA,"Friendly Persuasion ","William Wyler, Producer"
"3226","1956",29,"Best Motion Picture",NA,"Giant ","George Stevens and Henry Ginsberg, Producers"
"3227","1956",29,"Best Motion Picture",NA,"The King and I ","Charles Brackett, Producer"
"3228","1956",29,"Best Motion Picture",NA,"The Ten Commandments ","Cecil B. DeMille, Producer"
"3327","1957",30,"Best Motion Picture",1,"The Bridge on the River Kwai ","Sam Spiegel, Producer"
"3328","1957",30,"Best Motion Picture",NA,"Peyton Place ","Jerry Wald, Producer"
"3329","1957",30,"Best Motion Picture",NA,"Sayonara ","William Goetz, Producer"
"3330","1957",30,"Best Motion Picture",NA,"12 Angry Men ","Henry Fonda and Reginald Rose, Producers"
"3331","1957",30,"Best Motion Picture",NA,"Witness for the Prosecution ","Arthur Hornblow, Jr., Producer"
"3443","1958",31,"Best Motion Picture",NA,"Auntie Mame ","Warner Brothers"
"3444","1958",31,"Best Motion Picture",NA,"Cat on a Hot Tin Roof ","Lawrence Weingarten, Producer"
"3445","1958",31,"Best Motion Picture",NA,"The Defiant Ones ","Stanley Kramer, Producer"
"3446","1958",31,"Best Motion Picture",1,"Gigi ","Arthur Freed, Producer"
"3447","1958",31,"Best Motion Picture",NA,"Separate Tables ","Harold Hecht, Producer"
"3560","1959",32,"Best Motion Picture",NA,"Anatomy of a Murder ","Otto Preminger, Producer"
"3561","1959",32,"Best Motion Picture",1,"Ben-Hur ","Sam Zimbalist, Producer"
"3562","1959",32,"Best Motion Picture",NA,"The Diary of Anne Frank ","George Stevens, Producer"
"3563","1959",32,"Best Motion Picture",NA,"The Nun's Story ","Henry Blanke, Producer"
"3564","1959",32,"Best Motion Picture",NA,"Room at the Top ","John Woolf and James Woolf, Producers"
"3681","1960",33,"Best Motion Picture",NA,"The Alamo ","John Wayne, Producer"
"3682","1960",33,"Best Motion Picture",1,"The Apartment ","Billy Wilder, Producer"
"3683","1960",33,"Best Motion Picture",NA,"Elmer Gantry ","Bernard Smith, Producer"
"3684","1960",33,"Best Motion Picture",NA,"Sons and Lovers ","Jerry Wald, Producer"
"3685","1960",33,"Best Motion Picture",NA,"The Sundowners ","Fred Zinnemann, Producer"
"3803","1961",34,"Best Motion Picture",NA,"Fanny ","Joshua Logan, Producer"
"3804","1961",34,"Best Motion Picture",NA,"The Guns of Navarone ","Carl Foreman, Producer"
"3805","1961",34,"Best Motion Picture",NA,"The Hustler ","Robert Rossen, Producer"
"3806","1961",34,"Best Motion Picture",NA,"Judgment at Nuremberg ","Stanley Kramer, Producer"
"3807","1961",34,"Best Motion Picture",1,"West Side Story ","Robert Wise, Producer"
"3925","1962",35,"Best Picture",1,"Lawrence of Arabia ","Sam Spiegel, Producer"
"3926","1962",35,"Best Picture",NA,"The Longest Day ","Darryl F. Zanuck, Producer"
"3927","1962",35,"Best Picture",NA,"Meredith Willson's The Music Man ","Morton Da Costa, Producer"
"3928","1962",35,"Best Picture",NA,"Mutiny on the Bounty ","Aaron Rosenberg, Producer"
"3929","1962",35,"Best Picture",NA,"To Kill a Mockingbird ","Alan J. Pakula, Producer"
"4047","1963",36,"Best Picture",NA,"America America ","Elia Kazan, Producer"
"4048","1963",36,"Best Picture",NA,"Cleopatra ","Walter Wanger, Producer"
"4049","1963",36,"Best Picture",NA,"How the West Was Won ","Bernard Smith, Producer"
"4050","1963",36,"Best Picture",NA,"Lilies of the Field ","Ralph Nelson, Producer"
"4051","1963",36,"Best Picture",1,"Tom Jones ","Tony Richardson, Producer"
"4172","1964",37,"Best Picture",NA,"Becket ","Hal B. Wallis, Producer"
"4173","1964",37,"Best Picture",NA,"Dr. Strangelove or: How I Learned to Stop Worrying and Love the Bomb ","Stanley Kubrick, Producer"
"4174","1964",37,"Best Picture",NA,"Mary Poppins ","Walt Disney and Bill Walsh, Producers"
"4175","1964",37,"Best Picture",1,"My Fair Lady ","Jack L. Warner, Producer"
"4176","1964",37,"Best Picture",NA,"Zorba the Greek ","Michael Cacoyannis, Producer"
"4294","1965",38,"Best Picture",NA,"Darling ","Joseph Janni, Producer"
"4295","1965",38,"Best Picture",NA,"Doctor Zhivago ","Carlo Ponti, Producer"
"4296","1965",38,"Best Picture",NA,"Ship of Fools ","Stanley Kramer, Producer"
"4297","1965",38,"Best Picture",1,"The Sound of Music ","Robert Wise, Producer"
"4298","1965",38,"Best Picture",NA,"A Thousand Clowns ","Fred Coe, Producer"
"4419","1966",39,"Best Picture",NA,"Alfie ","Lewis Gilbert, Producer"
"4420","1966",39,"Best Picture",1,"A Man for All Seasons ","Fred Zinnemann, Producer"
"4421","1966",39,"Best Picture",NA,"The Russians Are Coming The Russians Are Coming ","Norman Jewison, Producer"
"4422","1966",39,"Best Picture",NA,"The Sand Pebbles ","Robert Wise, Producer"
"4423","1966",39,"Best Picture",NA,"Who's Afraid of Virginia Woolf? ","Ernest Lehman, Producer"
"4528","1967",40,"Best Picture",NA,"Bonnie and Clyde ","Warren Beatty, Producer"
"4529","1967",40,"Best Picture",NA,"Doctor Dolittle ","Arthur P. Jacobs, Producer"
"4530","1967",40,"Best Picture",NA,"The Graduate ","Lawrence Turman, Producer"
"4531","1967",40,"Best Picture",NA,"Guess Who's Coming to Dinner ","Stanley Kramer, Producer"
"4532","1967",40,"Best Picture",1,"In the Heat of the Night ","Walter Mirisch, Producer"
"4637","1968",41,"Best Picture",NA,"Funny Girl ","Ray Stark, Producer"
"4638","1968",41,"Best Picture",NA,"The Lion in Winter ","Martin Poll, Producer"
"4639","1968",41,"Best Picture",1,"Oliver! ","John Woolf, Producer"
"4640","1968",41,"Best Picture",NA,"Rachel, Rachel ","Paul Newman, Producer"
"4641","1968",41,"Best Picture",NA,"Romeo and Juliet ","Anthony Havelock-Allan and John Brabourne, Producers"
"4745","1969",42,"Best Picture",NA,"Anne of the Thousand Days ","Hal B. Wallis, Producer"
"4746","1969",42,"Best Picture",NA,"Butch Cassidy and the Sundance Kid ","John Foreman, Producer"
"4747","1969",42,"Best Picture",NA,"Hello, Dolly! ","Ernest Lehman, Producer"
"4748","1969",42,"Best Picture",1,"Midnight Cowboy ","Jerome Hellman, Producer"
"4749","1969",42,"Best Picture",NA,"Z ","Jacques Perrin and Hamed Rachedi, Producers"
"4850","1970",43,"Best Picture",NA,"Airport ","Ross Hunter, Producer"
"4851","1970",43,"Best Picture",NA,"Five Easy Pieces ","Bob Rafelson and Richard Wechsler, Producers"
"4852","1970",43,"Best Picture",NA,"Love Story ","Howard G. Minsky, Producer"
"4853","1970",43,"Best Picture",1,"MA*S*H ","Ingo Preminger, Producer"
"4854","1970",43,"Best Picture",1,"Patton ","Frank McCarthy, Producer"
"4957","1971",44,"Best Picture",NA,"A Clockwork Orange ","Stanley Kubrick, Producer"
"4958","1971",44,"Best Picture",NA,"Fiddler on the Roof ","Norman Jewison, Producer"
"4959","1971",44,"Best Picture",1,"The French Connection ","Philip D'Antoni, Producer"
"4960","1971",44,"Best Picture",NA,"The Last Picture Show ","Stephen J. Friedman, Producer"
"4961","1971",44,"Best Picture",NA,"Nicholas and Alexandra ","Sam Spiegel, Producer"
"5060","1972",45,"Best Picture",NA,"Cabaret ","Cy Feuer, Producer"
"5061","1972",45,"Best Picture",NA,"Deliverance ","John Boorman, Producer"
"5062","1972",45,"Best Picture",NA,"The Emigrants ","Bengt Forslund, Producer"
"5063","1972",45,"Best Picture",1,"The Godfather ","Albert S. Ruddy, Producer"
"5064","1972",45,"Best Picture",NA,"Sounder ","Robert B. Radnitz, Producer"
"5163","1973",46,"Best Picture",NA,"American Graffiti ","Francis Ford Coppola, Producer; Gary Kurtz, Co-Producer"
"5164","1973",46,"Best Picture",NA,"Cries and Whispers ","Ingmar Bergman, Producer"
"5165","1973",46,"Best Picture",NA,"The Exorcist ","William Peter Blatty, Producer"
"5166","1973",46,"Best Picture",1,"The Sting ","Tony Bill, Michael Phillips and Julia Phillips, Producers"
"5167","1973",46,"Best Picture",NA,"A Touch of Class ","Melvin Frank, Producer"
"5266","1974",47,"Best Picture",NA,"Chinatown ","Robert Evans, Producer"
"5267","1974",47,"Best Picture",NA,"The Conversation ","Francis Ford Coppola, Producer; Fred Roos, Co-Producer"
"5268","1974",47,"Best Picture",1,"The Godfather Part II ","Francis Ford Coppola, Producer; Gray Frederickson and Fred Roos, Co-Producers"
"5269","1974",47,"Best Picture",NA,"Lenny ","Marvin Worth, Producer"
"5270","1974",47,"Best Picture",NA,"The Towering Inferno ","Irwin Allen, Producer"
"5373","1975",48,"Best Picture",NA,"Barry Lyndon ","Stanley Kubrick, Producer"
"5374","1975",48,"Best Picture",NA,"Dog Day Afternoon ","Martin Bregman and Martin Elfand, Producers"
"5375","1975",48,"Best Picture",NA,"Jaws ","Richard D. Zanuck and David Brown, Producers"
"5376","1975",48,"Best Picture",NA,"Nashville ","Robert Altman, Producer"
"5377","1975",48,"Best Picture",1,"One Flew over the Cuckoo's Nest ","Saul Zaentz and Michael Douglas, Producers"
"5480","1976",49,"Best Picture",NA,"All the President's Men ","Walter Coblenz, Producer"
"5481","1976",49,"Best Picture",NA,"Bound for Glory ","Robert F. Blumofe and Harold Leventhal, Producers"
"5482","1976",49,"Best Picture",NA,"Network ","Howard Gottfried, Producer"
"5483","1976",49,"Best Picture",1,"Rocky ","Irwin Winkler and Robert Chartoff, Producers"
"5484","1976",49,"Best Picture",NA,"Taxi Driver ","Michael Phillips and Julia Phillips, Producers"
"5584","1977",50,"Best Picture",1,"Annie Hall ","Charles H. Joffe, Producer"
"5585","1977",50,"Best Picture",NA,"The Goodbye Girl ","Ray Stark, Producer"
"5586","1977",50,"Best Picture",NA,"Julia ","Richard Roth, Producer"
"5587","1977",50,"Best Picture",NA,"Star Wars ","Gary Kurtz, Producer"
"5588","1977",50,"Best Picture",NA,"The Turning Point ","Herbert Ross and Arthur Laurents, Producers"
"5695","1978",51,"Best Picture",NA,"Coming Home ","Jerome Hellman, Producer"
"5696","1978",51,"Best Picture",1,"The Deer Hunter ","Barry Spikings, Michael Deeley, Michael Cimino and John Peverall, Producers"
"5697","1978",51,"Best Picture",NA,"Heaven Can Wait ","Warren Beatty, Producer"
"5698","1978",51,"Best Picture",NA,"Midnight Express ","Alan Marshall and David Puttnam, Producers"
"5699","1978",51,"Best Picture",NA,"An Unmarried Woman ","Paul Mazursky and Tony Ray, Producers"
"5804","1979",52,"Best Picture",NA,"All That Jazz ","Robert Alan Aurthur, Producer"
"5805","1979",52,"Best Picture",NA,"Apocalypse Now ","Francis Coppola, Producer; Fred Roos, Gray Frederickson and Tom Sternberg, Co-Producers"
"5806","1979",52,"Best Picture",NA,"Breaking Away ","Peter Yates, Producer"
"5807","1979",52,"Best Picture",1,"Kramer vs. Kramer ","Stanley R. Jaffe, Producer"
"5808","1979",52,"Best Picture",NA,"Norma Rae ","Tamara Asseyev and Alex Rose, Producers"
"5915","1980",53,"Best Picture",NA,"Coal Miner's Daughter ","Bernard Schwartz, Producer"
"5916","1980",53,"Best Picture",NA,"The Elephant Man ","Jonathan Sanger, Producer"
"5917","1980",53,"Best Picture",1,"Ordinary People ","Ronald L. Schwary, Producer"
"5918","1980",53,"Best Picture",NA,"Raging Bull ","Irwin Winkler and Robert Chartoff, Producers"
"5919","1980",53,"Best Picture",NA,"Tess ","Claude Berri, Producer; Timothy Burrill, Co-Producer"
"6016","1981",54,"Best Picture",NA,"Atlantic City ","Denis Heroux and John Kemeny, Producers"
"6017","1981",54,"Best Picture",1,"Chariots of Fire ","David Puttnam, Producer"
"6018","1981",54,"Best Picture",NA,"On Golden Pond ","Bruce Gilbert, Producer"
"6019","1981",54,"Best Picture",NA,"Raiders of the Lost Ark ","Frank Marshall, Producer"
"6020","1981",54,"Best Picture",NA,"Reds ","Warren Beatty, Producer"
"6124","1982",55,"Best Picture",NA,"E.T. The Extra-Terrestrial ","Steven Spielberg and Kathleen Kennedy, Producers"
"6125","1982",55,"Best Picture",1,"Gandhi ","Richard Attenborough, Producer"
"6126","1982",55,"Best Picture",NA,"Missing ","Edward Lewis and Mildred Lewis, Producers"
"6127","1982",55,"Best Picture",NA,"Tootsie ","Sydney Pollack and Dick Richards, Producers"
"6128","1982",55,"Best Picture",NA,"The Verdict ","Richard D. Zanuck and David Brown, Producers"
"6234","1983",56,"Best Picture",NA,"The Big Chill ","Michael Shamberg, Producer"
"6235","1983",56,"Best Picture",NA,"The Dresser ","Peter Yates, Producer"
"6236","1983",56,"Best Picture",NA,"The Right Stuff ","Irwin Winkler and Robert Chartoff, Producers"
"6237","1983",56,"Best Picture",NA,"Tender Mercies ","Philip S. Hobel, Producer"
"6238","1983",56,"Best Picture",1,"Terms of Endearment ","James L. Brooks, Producer"
"6342","1984",57,"Best Picture",1,"Amadeus ","Saul Zaentz, Producer"
"6343","1984",57,"Best Picture",NA,"The Killing Fields ","David Puttnam, Producer"
"6344","1984",57,"Best Picture",NA,"A Passage to India ","John Brabourne and Richard Goodwin, Producers"
"6345","1984",57,"Best Picture",NA,"Places in the Heart ","Arlene Donovan, Producer"
"6346","1984",57,"Best Picture",NA,"A Soldier's Story ","Norman Jewison, Ronald L. Schwary and Patrick Palmer, Producers"
"6449","1985",58,"Best Picture",NA,"The Color Purple ","Steven Spielberg, Kathleen Kennedy, Frank Marshall and Quincy Jones, Producers"
"6450","1985",58,"Best Picture",NA,"Kiss of the Spider Woman ","David Weisman, Producer"
"6451","1985",58,"Best Picture",1,"Out of Africa ","Sydney Pollack, Producer"
"6452","1985",58,"Best Picture",NA,"Prizzi's Honor ","John Foreman, Producer"
"6453","1985",58,"Best Picture",NA,"Witness ","Edward S. Feldman, Producer"
"6558","1986",59,"Best Picture",NA,"Children of a Lesser God ","Burt Sugarman and Patrick Palmer, Producers"
"6559","1986",59,"Best Picture",NA,"Hannah and Her Sisters ","Robert Greenhut, Producer"
"6560","1986",59,"Best Picture",NA,"The Mission ","Fernando Ghia and David Puttnam, Producers"
"6561","1986",59,"Best Picture",1,"Platoon ","Arnold Kopelson, Producer"
"6562","1986",59,"Best Picture",NA,"A Room with a View ","Ismail Merchant, Producer"
"6665","1987",60,"Best Picture",NA,"Broadcast News ","James L. Brooks, Producer"
"6666","1987",60,"Best Picture",NA,"Fatal Attraction ","Stanley R. Jaffe and Sherry Lansing, Producers"
"6667","1987",60,"Best Picture",NA,"Hope and Glory ","John Boorman, Producer"
"6668","1987",60,"Best Picture",1,"The Last Emperor ","Jeremy Thomas, Producer"
"6669","1987",60,"Best Picture",NA,"Moonstruck ","Patrick Palmer and Norman Jewison, Producers"
"6767","1988",61,"Best Picture",NA,"The Accidental Tourist ","Lawrence Kasdan, Charles Okun and Michael Grillo, Producers"
"6768","1988",61,"Best Picture",NA,"Dangerous Liaisons ","Norma Heyman and Hank Moonjean, Producers"
"6769","1988",61,"Best Picture",NA,"Mississippi Burning ","Frederick Zollo and Robert F. Colesberry, Producers"
"6770","1988",61,"Best Picture",1,"Rain Man ","Mark Johnson, Producer"
"6771","1988",61,"Best Picture",NA,"Working Girl ","Douglas Wick, Producer"
"6874","1989",62,"Best Picture",NA,"Born on the Fourth of July ","A. Kitman Ho and Oliver Stone, Producers"
"6875","1989",62,"Best Picture",NA,"Dead Poets Society ","Steven Haft, Paul Junger Witt and Tony Thomas, Producers"
"6876","1989",62,"Best Picture",1,"Driving Miss Daisy ","Richard D. Zanuck and Lili Fini Zanuck, Producers"
"6877","1989",62,"Best Picture",NA,"Field of Dreams ","Lawrence Gordon and Charles Gordon, Producers"
"6878","1989",62,"Best Picture",NA,"My Left Foot ","Noel Pearson, Producer"
"6983","1990",63,"Best Picture",NA,"Awakenings ","Walter F. Parkes and Lawrence Lasker, Producers"
"6984","1990",63,"Best Picture",1,"Dances With Wolves ","Jim Wilson and Kevin Costner, Producers"
"6985","1990",63,"Best Picture",NA,"Ghost ","Lisa Weinstein, Producer"
"6986","1990",63,"Best Picture",NA,"The Godfather, Part III ","Francis Ford Coppola, Producer"
"6987","1990",63,"Best Picture",NA,"Good Fellas ","Irwin Winkler, Producer"
"7095","1991",64,"Best Picture",NA,"Beauty and the Beast ","Don Hahn, Producer"
"7096","1991",64,"Best Picture",NA,"Bugsy ","Mark Johnson, Barry Levinson and Warren Beatty, Producers"
"7097","1991",64,"Best Picture",NA,"JFK ","A. Kitman Ho and Oliver Stone, Producers"
"7098","1991",64,"Best Picture",NA,"The Prince of Tides ","Barbra Streisand and Andrew Karsch, Producers"
"7099","1991",64,"Best Picture",1,"The Silence of the Lambs ","Edward Saxon, Kenneth Utt and Ron Bozman, Producers"
"7206","1992",65,"Best Picture",NA,"The Crying Game ","Stephen Woolley, Producer"
"7207","1992",65,"Best Picture",NA,"A Few Good Men ","David Brown, Rob Reiner and Andrew Scheinman, Producers"
"7208","1992",65,"Best Picture",NA,"Howards End ","Ismail Merchant, Producer"
"7209","1992",65,"Best Picture",NA,"Scent of a Woman ","Martin Brest, Producer"
"7210","1992",65,"Best Picture",1,"Unforgiven ","Clint Eastwood, Producer"
"7319","1993",66,"Best Picture",NA,"The Fugitive ","Arnold Kopelson, Producer"
"7320","1993",66,"Best Picture",NA,"In the Name of the Father ","Jim Sheridan, Producer"
"7321","1993",66,"Best Picture",NA,"The Piano ","Jan Chapman, Producer"
"7322","1993",66,"Best Picture",NA,"The Remains of the Day ","Mike Nichols, John Calley and Ismail Merchant, Producers"
"7323","1993",66,"Best Picture",1,"Schindler's List ","Steven Spielberg, Gerald R. Molen and Branko Lustig, Producers"
"7431","1994",67,"Best Picture",1,"Forrest Gump ","Wendy Finerman, Steve Tisch and Steve Starkey, Producers"
"7432","1994",67,"Best Picture",NA,"Four Weddings and a Funeral ","Duncan Kenworthy, Producer"
"7433","1994",67,"Best Picture",NA,"Pulp Fiction ","Lawrence Bender, Producer"
"7434","1994",67,"Best Picture",NA,"Quiz Show ","Robert Redford, Michael Jacobs, Julian Krainin and Michael Nozik, Producers"
"7435","1994",67,"Best Picture",NA,"The Shawshank Redemption ","Niki Marvin, Producer"
"7549","1995",68,"Best Picture",NA,"Apollo 13 ","Brian Grazer, Producer"
"7550","1995",68,"Best Picture",NA,"Babe ","George Miller, Doug Mitchell and Bill Miller, Producers"
"7551","1995",68,"Best Picture",1,"Braveheart ","Mel Gibson, Alan Ladd, Jr. and Bruce Davey, Producers"
"7552","1995",68,"Best Picture",NA,"The Postman (Il Postino) ","Mario Cecchi Gori, Vittorio Cecchi Gori and Gaetano Daniele, Producers"
"7553","1995",68,"Best Picture",NA,"Sense and Sensibility ","Lindsay Doran, Producer"
"7666","1996",69,"Best Picture",1,"The English Patient ","Saul Zaentz, Producer"
"7667","1996",69,"Best Picture",NA,"Fargo ","Ethan Coen, Producer"
"7668","1996",69,"Best Picture",NA,"Jerry Maguire ","James L. Brooks, Laurence Mark, Richard Sakai and Cameron Crowe, Producers"
"7669","1996",69,"Best Picture",NA,"Secrets & Lies ","Simon Channing-Williams, Producer"
"7670","1996",69,"Best Picture",NA,"Shine ","Jane Scott, Producer"
"7784","1997",70,"Best Picture",NA,"As Good as It Gets ","James L. Brooks, Bridget Johnson and Kristi Zea, Producers"
"7785","1997",70,"Best Picture",NA,"The Full Monty ","Uberto Pasolini, Producer"
"7786","1997",70,"Best Picture",NA,"Good Will Hunting ","Lawrence Bender, Producer"
"7787","1997",70,"Best Picture",NA,"L.A. Confidential ","Arnon Milchan, Curtis Hanson and Michael Nathanson, Producers"
"7788","1997",70,"Best Picture",1,"Titanic ","James Cameron and Jon Landau, Producers"
"7899","1998",71,"Best Picture",NA,"Elizabeth ","Alison Owen, Eric Fellner and Tim Bevan, Producers"
"7900","1998",71,"Best Picture",NA,"Life Is Beautiful ","Elda Ferri and Gianluigi Braschi, Producers"
"7901","1998",71,"Best Picture",NA,"Saving Private Ryan ","Steven Spielberg, Ian Bryce, Mark Gordon and Gary Levinsohn, Producers"
"7902","1998",71,"Best Picture",1,"Shakespeare in Love ","David Parfitt, Donna Gigliotti, Harvey Weinstein, Edward Zwick and Marc Norman, Producers"
"7903","1998",71,"Best Picture",NA,"The Thin Red Line ","Robert Michael Geisler, John Roberdeau and Grant Hill, Producers"
"8010","1999",72,"Best Picture",1,"American Beauty ","Bruce Cohen and Dan Jinks, Producers"
"8011","1999",72,"Best Picture",NA,"The Cider House Rules ","Richard N. Gladstein, Producer"
"8012","1999",72,"Best Picture",NA,"The Green Mile ","David Valdes and Frank Darabont, Producers"
"8013","1999",72,"Best Picture",NA,"The Insider ","Michael Mann and Pieter Jan Brugge, Producers"
"8014","1999",72,"Best Picture",NA,"The Sixth Sense ","Frank Marshall, Kathleen Kennedy and Barry Mendel, Producers"
"8125","2000",73,"Best Picture",NA,"Chocolat ","David Brown, Kit Golden and Leslie Holleran, Producers"
"8126","2000",73,"Best Picture",NA,"Crouching Tiger, Hidden Dragon ","Bill Kong, Hsu Li Kong and Ang Lee, Producers"
"8127","2000",73,"Best Picture",NA,"Erin Brockovich ","Danny DeVito, Michael Shamberg and Stacey Sher, Producers"
"8128","2000",73,"Best Picture",1,"Gladiator ","Douglas Wick, David Franzoni and Branko Lustig, Producers"
"8129","2000",73,"Best Picture",NA,"Traffic ","Edward Zwick, Marshall Herskovitz and Laura Bickford, Producers"
"8238","2001",74,"Best Picture",1,"A Beautiful Mind ","Brian Grazer and Ron Howard, Producers"
"8239","2001",74,"Best Picture",NA,"Gosford Park ","Robert Altman, Bob Balaban and David Levy, Producers"
"8240","2001",74,"Best Picture",NA,"In the Bedroom ","Graham Leader, Ross Katz and Todd Field, Producers"
"8241","2001",74,"Best Picture",NA,"The Lord of the Rings: The Fellowship of the Ring ","Peter Jackson, Fran Walsh and Barrie M. Osborne, Producers"
"8242","2001",74,"Best Picture",NA,"Moulin Rouge ","Martin Brown, Baz Luhrmann and Fred Baron, Producers"
"8356","2002",75,"Best Picture",1,"Chicago ","Martin Richards, Producer"
"8357","2002",75,"Best Picture",NA,"Gangs of New York ","Alberto Grimaldi and Harvey Weinstein, Producers"
"8358","2002",75,"Best Picture",NA,"The Hours ","Scott Rudin and Robert Fox, Producers"
"8359","2002",75,"Best Picture",NA,"The Lord of the Rings: The Two Towers ","Barrie M. Osborne, Fran Walsh and Peter Jackson, Producers"
"8360","2002",75,"Best Picture",NA,"The Pianist ","Roman Polanski, Robert Benmussa and Alain Sarde, Producers"
"8469","2003",76,"Best Picture",1,"The Lord of the Rings: The Return of the King ","Barrie M. Osborne, Peter Jackson and Fran Walsh, Producers"
"8470","2003",76,"Best Picture",NA,"Lost in Translation ","Ross Katz and Sofia Coppola, Producers"
"8471","2003",76,"Best Picture",NA,"Master and Commander: The Far Side of the World ","Samuel Goldwyn, Jr., Peter Weir and Duncan Henderson, Producers"
"8472","2003",76,"Best Picture",NA,"Mystic River ","Robert Lorenz, Judie G. Hoyt and Clint Eastwood, Producers"
"8473","2003",76,"Best Picture",NA,"Seabiscuit ","Kathleen Kennedy, Frank Marshall and Gary Ross, Producers"
"8584","2004",77,"Best Picture",NA,"The Aviator ","Michael Mann and Graham King, Producers"
"8585","2004",77,"Best Picture",NA,"Finding Neverland ","Richard N. Gladstein and Nellie Bellflower, Producers"
"8586","2004",77,"Best Picture",1,"Million Dollar Baby ","Clint Eastwood, Albert S. Ruddy and Tom Rosenberg, Producers"
"8587","2004",77,"Best Picture",NA,"Ray ","Taylor Hackford, Stuart Benjamin and Howard Baldwin, Producers"
"8588","2004",77,"Best Picture",NA,"Sideways ","Michael London, Producer"
"8697","2005",78,"Best Picture",NA,"Brokeback Mountain ","Diana Ossana and James Schamus, Producers"
"8698","2005",78,"Best Picture",NA,"Capote ","Caroline Baron, William Vince and Michael Ohoven, Producers"
"8699","2005",78,"Best Picture",1,"Crash ","Paul Haggis and Cathy Schulman, Producers"
"8700","2005",78,"Best Picture",NA,"Good Night, and Good Luck. ","Grant Heslov, Producer"
"8701","2005",78,"Best Picture",NA,"Munich ","Kathleen Kennedy, Steven Spielberg and Barry Mendel, Producers"
"8811","2006",79,"Best Picture",NA,"Babel ","Alejandro González Iñárritu, Jon Kilik and Steve Golin, Producers"
"8812","2006",79,"Best Picture",1,"The Departed ","Graham King, Producer"
"8813","2006",79,"Best Picture",NA,"Letters from Iwo Jima ","Clint Eastwood, Steven Spielberg and Robert Lorenz, Producers"
"8814","2006",79,"Best Picture",NA,"Little Miss Sunshine ","David T. Friendly, Peter Saraf and Marc Turtletaub, Producers"
"8815","2006",79,"Best Picture",NA,"The Queen ","Andy Harries, Christine Langan and Tracey Seaward, Producers"
"8929","2007",80,"Best Picture",NA,"Atonement ","Tim Bevan, Eric Fellner and Paul Webster, Producers"
"8930","2007",80,"Best Picture",NA,"Juno ","Lianne Halfon, Mason Novick and Russell Smith, Producers"
"8931","2007",80,"Best Picture",NA,"Michael Clayton ","Sydney Pollack, Jennifer Fox and Kerry Orent, Producers"
"8932","2007",80,"Best Picture",1,"No Country for Old Men ","Scott Rudin, Ethan Coen and Joel Coen, Producers"
"8933","2007",80,"Best Picture",NA,"There Will Be Blood ","JoAnne Sellar, Paul Thomas Anderson and Daniel Lupi, Producers"
"9044","2008",81,"Best Picture",NA,"The Curious Case of Benjamin Button ","Kathleen Kennedy, Frank Marshall and Ceán Chaffin, Producers"
"9045","2008",81,"Best Picture",NA,"Frost/Nixon ","Brian Grazer, Ron Howard and Eric Fellner, Producers"
"9046","2008",81,"Best Picture",NA,"Milk ","Dan Jinks and Bruce Cohen, Producers"
"9047","2008",81,"Best Picture",NA,"The Reader ","Anthony Minghella, Sydney Pollack, Donna Gigliotti and Redmond Morris, Producers"
"9048","2008",81,"Best Picture",1,"Slumdog Millionaire ","Christian Colson, Producer"
"9163","2009",82,"Best Picture",NA,"Avatar ","James Cameron and Jon Landau, Producers"
"9164","2009",82,"Best Picture",NA,"The Blind Side ","Gil Netter, Andrew A. Kosove and Broderick Johnson, Producers"
"9165","2009",82,"Best Picture",NA,"District 9 ","Peter Jackson and Carolynne Cunningham, Producers"
"9166","2009",82,"Best Picture",NA,"An Education ","Finola Dwyer and Amanda Posey, Producers"
"9167","2009",82,"Best Picture",1,"The Hurt Locker ","Kathryn Bigelow, Mark Boal, Nicolas Chartier and Greg Shapiro, Producers"
"9168","2009",82,"Best Picture",NA,"Inglourious Basterds ","Lawrence Bender, Producer"
"9169","2009",82,"Best Picture",NA,"Precious: Based on the Novel 'Push' by Sapphire ","Lee Daniels, Sarah Siegel-Magness and Gary Magness, Producers"
"9170","2009",82,"Best Picture",NA,"A Serious Man ","Joel Coen and Ethan Coen, Producers"
"9171","2009",82,"Best Picture",NA,"Up ","Jonas Rivera, Producer"
"9172","2009",82,"Best Picture",NA,"Up in the Air ","Daniel Dubiecki, Ivan Reitman and Jason Reitman, Producers"
"9285","2010",83,"Best Picture",NA,"Black Swan ","Mike Medavoy, Brian Oliver and Scott Franklin, Producers"
"9286","2010",83,"Best Picture",NA,"The Fighter ","David Hoberman, Todd Lieberman and Mark Wahlberg, Producers"
"9287","2010",83,"Best Picture",NA,"Inception ","Emma Thomas and Christopher Nolan, Producers"
"9288","2010",83,"Best Picture",NA,"The Kids Are All Right ","Gary Gilbert, Jeffrey Levy-Hinte and Celine Rattray, Producers"
"9289","2010",83,"Best Picture",1,"The King's Speech ","Iain Canning, Emile Sherman and Gareth Unwin, Producers"
"9290","2010",83,"Best Picture",NA,"127 Hours ","Christian Colson, Danny Boyle and John Smithson, Producers"
"9291","2010",83,"Best Picture",NA,"The Social Network ","Scott Rudin, Dana Brunetti, Michael De Luca and Ceán Chaffin, Producers"
"9292","2010",83,"Best Picture",NA,"Toy Story 3 ","Darla K. Anderson, Producer"
"9293","2010",83,"Best Picture",NA,"True Grit ","Scott Rudin, Ethan Coen and Joel Coen, Producers"
"9294","2010",83,"Best Picture",NA,"Winter's Bone ","Anne Rosellini and Alix Madigan-Yorkin, Producers"
"9410","2011",84,"Best Picture",1,"The Artist ","Thomas Langmann, Producer"
"9411","2011",84,"Best Picture",NA,"The Descendants ","Jim Burke, Alexander Payne and Jim Taylor, Producers"
"9412","2011",84,"Best Picture",NA,"Extremely Loud & Incredibly Close ","Scott Rudin, Producer"
"9413","2011",84,"Best Picture",NA,"The Help ","Brunson Green, Chris Columbus and Michael Barnathan, Producers"
"9414","2011",84,"Best Picture",NA,"Hugo ","Graham King and Martin Scorsese, Producers"
"9415","2011",84,"Best Picture",NA,"Midnight in Paris ","Letty Aronson and Stephen Tenenbaum, Producers"
"9416","2011",84,"Best Picture",NA,"Moneyball ","Michael De Luca, Rachael Horovitz and Brad Pitt, Producers"
"9417","2011",84,"Best Picture",NA,"The Tree of Life ","Sarah Green, Bill Pohlad, Dede Gardner and Grant Hill, Producers"
"9418","2011",84,"Best Picture",NA,"War Horse ","Steven Spielberg and Kathleen Kennedy, Producers"
"9532","2012",85,"Best Picture",NA,"Amour ","Margaret Menegoz, Stefan Arndt, Veit Heiduschka and Michael Katz, Producers"
"9533","2012",85,"Best Picture",1,"Argo ","Grant Heslov, Ben Affleck and George Clooney, Producers"
"9534","2012",85,"Best Picture",NA,"Beasts of the Southern Wild ","Dan Janvey, Josh Penn and Michael Gottwald, Producers"
"9535","2012",85,"Best Picture",NA,"Django Unchained ","Stacey Sher, Reginald Hudlin and Pilar Savone, Producers"
"9536","2012",85,"Best Picture",NA,"Les Misérables ","Tim Bevan, Eric Fellner, Debra Hayward and Cameron Mackintosh, Producers"
"9537","2012",85,"Best Picture",NA,"Life of Pi ","Gil Netter, Ang Lee and David Womark, Producers"
"9538","2012",85,"Best Picture",NA,"Lincoln ","Steven Spielberg and Kathleen Kennedy, Producers"
"9539","2012",85,"Best Picture",NA,"Silver Linings Playbook ","Donna Gigliotti, Bruce Cohen and Jonathan Gordon, Producers"
"9540","2012",85,"Best Picture",NA,"Zero Dark Thirty ","Mark Boal, Kathryn Bigelow and Megan Ellison, Producers"
"9659","2013",86,"Best Picture",NA,"American Hustle ","Charles Roven, Richard Suckle, Megan Ellison and Jonathan Gordon, Producers"
"9660","2013",86,"Best Picture",NA,"Captain Phillips ","Scott Rudin, Dana Brunetti and Michael De Luca, Producers"
"9661","2013",86,"Best Picture",NA,"Dallas Buyers Club ","Robbie Brenner and Rachel Winter, Producers"
"9662","2013",86,"Best Picture",NA,"Gravity ","Alfonso Cuarón and David Heyman, Producers"
"9663","2013",86,"Best Picture",NA,"Her ","Megan Ellison, Spike Jonze and Vincent Landay, Producers"
"9664","2013",86,"Best Picture",NA,"Nebraska ","Albert Berger and Ron Yerxa, Producers"
"9665","2013",86,"Best Picture",NA,"Philomena ","Gabrielle Tana, Steve Coogan and Tracey Seaward, Producers"
"9666","2013",86,"Best Picture",1,"12 Years a Slave ","Brad Pitt, Dede Gardner, Jeremy Kleiner, Steve McQueen and Anthony Katagas, Producers"
"9667","2013",86,"Best Picture",NA,"The Wolf of Wall Street ","Martin Scorsese, Leonardo DiCaprio, Joey McFarland and Emma Tillinger Koskoff, Producers"
"9787","2014",87,"Best Picture",NA,"American Sniper ","Clint Eastwood, Robert Lorenz, Andrew Lazar, Bradley Cooper and Peter Morgan, Producers"
"9788","2014",87,"Best Picture",1,"Birdman or (The Unexpected Virtue of Ignorance) ","Alejandro G. Iñárritu, John Lesher and James W. Skotchdopole, Producers"
"9789","2014",87,"Best Picture",NA,"Boyhood ","Richard Linklater and Cathleen Sutherland, Producers"
"9790","2014",87,"Best Picture",NA,"The Grand Budapest Hotel ","Wes Anderson, Scott Rudin, Steven Rales and Jeremy Dawson, Producers"
"9791","2014",87,"Best Picture",NA,"The Imitation Game ","Nora Grossman, Ido Ostrowsky and Teddy Schwarzman, Producers"
"9792","2014",87,"Best Picture",NA,"Selma ","Christian Colson, Oprah Winfrey, Dede Gardner and Jeremy Kleiner, Producers"
"9793","2014",87,"Best Picture",NA,"The Theory of Everything ","Tim Bevan, Eric Fellner, Lisa Bruce and Anthony McCarten, Producers"
"9794","2014",87,"Best Picture",NA,"Whiplash ","Jason Blum, Helen Estabrook and David Lancaster, Producers"
"9914","2015",88,"Best Picture",NA,"The Big Short","Brad Pitt, Dede Gardner and Jeremy Kleiner, Producers"
"9915","2015",88,"Best Picture",NA,"Bridge of Spies","Steven Spielberg, Marc Platt and Kristie Macosko Krieger, Producers"
"9916","2015",88,"Best Picture",NA,"Brooklyn","Finola Dwyer and Amanda Posey, Producers"
"9917","2015",88,"Best Picture",NA,"Mad Max: Fury Road","Doug Mitchell and George Miller, Producers"
"9918","2015",88,"Best Picture",NA,"The Martian","Simon Kinberg, Ridley Scott, Michael Schaefer and Mark Huffam, Producers"
"9919","2015",88,"Best Picture",NA,"The Revenant","Arnon Milchan, Steve Golin, Alejandro G. Iñárritu, Mary Parent and Keith Redmon, Producers"
"9920","2015",88,"Best Picture",NA,"Room","Ed Guiney, Producer"
"9921","2015",88,"Best Picture",1,"Spotlight","Michael Sugar, Steve Golin, Nicole Rocklin and Blye Pagon Faust, Producers"
