"","Name","Year","Ceremony","Award","Winner","Film","X","tconst","primaryTitle","genres"
"1","12 Angry Men","1957",30,"Best Motion Picture",0,"Henry Fonda and Reginald Rose, Producers",49214,"tt0050083","12 Angry Men","Crime,Drama"
"2","12 Years a Slave","2013",86,"Best Picture",1,"Brad Pitt, Dede Gardner, Jeremy Kleiner, Steve McQueen and Anthony Katagas, Producers",1955036,"tt2024544","12 Years a Slave","Biography,Drama,History"
"3","127 Hours","2010",83,"Best Picture",0,"Christian Colson, Danny Boyle and John Smithson, Producers",1490663,"tt1542344","127 Hours","Adventure,Biography,Drama"
"4","42nd Street","1933",6,"Outstanding Production",0,"Warner Brothers",23639,"tt0024034","42nd Street","Comedy,Musical,Romance"
"5","A Beautiful Mind","2001",74,"Best Picture",1,"Brian Grazer and Ron Howard, Producers",258091,"tt0268978","A Beautiful Mind","Biography,Drama"
"6","A Clockwork Orange","1971",44,"Best Picture",0,"Stanley Kubrick, Producer",65621,"tt0066921","A Clockwork Orange","Crime,Drama,Sci-Fi"
"8","A Few Good Men","1992",65,"Best Picture",0,"David Brown, Rob Reiner and Andrew Scheinman, Producers",102030,"tt0104257","A Few Good Men","Drama,Thriller"
"9","A Letter to Three Wives","1949",22,"Best Motion Picture",0,"20th Century-Fox",40886,"tt0041587","A Letter to Three Wives","Drama,Romance"
"10","A Man for All Seasons","1966",39,"Best Picture",1,"Fred Zinnemann, Producer",59535,"tt0060665","A Man for All Seasons","Biography,Drama,History"
"11","A Midsummer Night's Dream","1935",8,"Outstanding Production",0,"Warner Brothers",26263,"tt0026714","A Midsummer Night's Dream","Comedy,Fantasy,Romance"
"12","A Passage to India","1984",57,"Best Picture",0,"John Brabourne and Richard Goodwin, Producers",86018,"tt0087892","A Passage to India","Adventure,Drama,History"
"13","A Place in the Sun","1951",24,"Best Motion Picture",0,"George Stevens, Producer",43180,"tt0043924","A Place in the Sun","Drama,Romance"
"15","A Serious Man","2009",82,"Best Picture",0,"Joel Coen and Ethan Coen, Producers",988749,"tt1019452","A Serious Man","Comedy,Drama"
"16","A Soldier's Story","1984",57,"Best Picture",0,"Norman Jewison, Ronald L. Schwary and Patrick Palmer, Producers",86266,"tt0088146","A Soldier's Story","Crime,Drama,Mystery"
"17","A Star Is Born","1937",10,"Outstanding Production",0,"Selznick International Pictures",29110,"tt0029606","A Star Is Born","Drama"
"18","A Streetcar Named Desire","1951",24,"Best Motion Picture",0,"Charles K. Feldman, Producer",43332,"tt0044081","A Streetcar Named Desire","Drama"
"20","A Thousand Clowns","1965",38,"Best Picture",0,"Fred Coe, Producer",58692,"tt0059798","A Thousand Clowns","Comedy,Drama,Romance"
"21","A Touch of Class","1973",46,"Best Picture",0,"Melvin Frank, Producer",69411,"tt0070819","A Touch of Class","Comedy,Romance"
"22","Airport","1970",43,"Best Picture",0,"Ross Hunter, Producer",64113,"tt0065377","Airport","Action,Drama,Thriller"
"23","Alexander's Ragtime Band","1938",11,"Outstanding Production",0,"20th Century-Fox",29351,"tt0029852","Alexander's Ragtime Band","Drama,Musical,Romance"
"24","Alfie","1966",39,"Best Picture",0,"Lewis Gilbert, Producer",58972,"tt0060086","Alfie","Comedy,Drama"
"25","Alice Adams","1935",8,"Outstanding Production",0,"RKO Radio",25621,"tt0026056","Alice Adams","Comedy,Drama,Romance"
"27","All Quiet on the Western Front","1930",3,"Outstanding Production",1,"Universal",20327,"tt0020629","All Quiet on the Western Front","Drama,War"
"28","All That Jazz","1979",52,"Best Picture",0,"Robert Alan Aurthur, Producer",77136,"tt0078754","All That Jazz","Comedy,Drama,Music"
"29","All the King's Men","1949",22,"Best Motion Picture",1,"Robert Rossen Productions",40424,"tt0041113","All the King's Men","Drama,Film-Noir"
"30","All the President's Men","1976",49,"Best Picture",0,"Walter Coblenz, Producer",72626,"tt0074119","All the President's Men","Biography,Drama,History"
"31","All This, and Heaven Too","1940",13,"Outstanding Production",0,"Warner Brothers",31640,"tt0032194","All This, and Heaven Too","Drama,Romance"
"32","Amadeus","1984",57,"Best Picture",1,"Saul Zaentz, Producer",85029,"tt0086879","Amadeus","Biography,Drama,History"
"33","America America","1963",36,"Best Picture",0,"Elia Kazan, Producer",55778,"tt0056825","America America","Drama"
"34","American Beauty","1999",72,"Best Picture",1,"Bruce Cohen and Dan Jinks, Producers",164013,"tt0169547","American Beauty","Drama"
"35","American Graffiti","1973",46,"Best Picture",0,"Francis Ford Coppola, Producer; Gary Kurtz, Co-Producer",68337,"tt0069704","American Graffiti","Comedy,Drama"
"36","American Hustle","2013",86,"Best Picture",0,"Charles Roven, Richard Suckle, Megan Ellison and Jonathan Gordon, Producers",1738557,"tt1800241","American Hustle","Crime,Drama"
"37","American Sniper","2014",87,"Best Picture",0,"Clint Eastwood, Robert Lorenz, Andrew Lazar, Bradley Cooper and Peter Morgan, Producers",2100552,"tt2179136","American Sniper","Action,Biography,Drama"
"38","Amour","2012",85,"Best Picture",0,"Margaret Menegoz, Stefan Arndt, Veit Heiduschka and Michael Katz, Producers",1548798,"tt1602620","Amour","Drama"
"39","An American in Paris","1951",24,"Best Motion Picture",1,"Arthur Freed, Producer",42545,"tt0043278","An American in Paris","Drama,Musical,Romance"
"40","An Education","2009",82,"Best Picture",0,"Finola Dwyer and Amanda Posey, Producers",1137056,"tt1174732","An Education","Drama"
"41","An Unmarried Woman","1978",51,"Best Picture",0,"Paul Mazursky and Tony Ray, Producers",76834,"tt0078444","An Unmarried Woman","Comedy,Drama,Romance"
"42","Anatomy of a Murder","1959",32,"Best Motion Picture",0,"Otto Preminger, Producer",51616,"tt0052561","Anatomy of a Murder","Crime,Drama,Mystery"
"43","Anchors Aweigh","1945",18,"Best Motion Picture",0,"Metro-Goldwyn-Mayer",36877,"tt0037514","Anchors Aweigh","Comedy,Fantasy,Musical"
"44","Anne of the Thousand Days","1969",42,"Best Picture",0,"Hal B. Wallis, Producer",62795,"tt0064030","Anne of the Thousand Days","Biography,Drama,History"
"45","Annie Hall","1977",50,"Best Picture",1,"Charles H. Joffe, Producer",74146,"tt0075686","Annie Hall","Comedy,Romance"
"46","Anthony Adverse","1936",9,"Outstanding Production",0,"Warner Brothers",26836,"tt0027300","Anthony Adverse","Adventure,Drama,Romance"
"47","Apocalypse Now","1979",52,"Best Picture",0,"Francis Coppola, Producer; Fred Roos, Gray Frederickson and Tom Sternberg, Co-Producers",77170,"tt0078788","Apocalypse Now","Drama,War"
"48","Apollo 13","1995",68,"Best Picture",0,"Brian Grazer, Producer",4147172,"tt6590506","Apollo 13","Documentary"
"49","Apollo 13","1995",68,"Best Picture",0,"Brian Grazer, Producer",109986,"tt0112384","Apollo 13","Adventure,Drama,History"
"50","Argo","2012",85,"Best Picture",1,"Grant Heslov, Ben Affleck and George Clooney, Producers",993734,"tt1024648","Argo","Biography,Drama,Thriller"
"51","Around the World in 80 Days","1956",29,"Best Motion Picture",1,"Michael Todd, Producer",48110,"tt0048960","Around the World in 80 Days","Adventure,Comedy,Family"
"53","As Good as It Gets","1997",70,"Best Picture",0,"James L. Brooks, Bridget Johnson and Kristi Zea, Producers",117159,"tt0119822","As Good as It Gets","Comedy,Drama,Romance"
"55","Atonement","2007",80,"Best Picture",0,"Tim Bevan, Eric Fellner and Paul Webster, Producers",759994,"tt0783233","Atonement","Drama,Mystery,Romance"
"56","Auntie Mame","1958",31,"Best Motion Picture",0,"Warner Brothers",50482,"tt0051383","Auntie Mame","Comedy,Drama,Romance"
"57","Avatar","2009",82,"Best Picture",0,"James Cameron and Jon Landau, Producers",481175,"tt0499549","Avatar","Action,Adventure,Fantasy"
"58","Awakenings","1990",63,"Best Picture",0,"Walter F. Parkes and Lawrence Lasker, Producers",96942,"tt0099077","Awakenings","Biography,Drama"
"59","Babe","1995",68,"Best Picture",0,"George Miller, Doug Mitchell and Bill Miller, Producers",110031,"tt0112431","Babe","Comedy,Drama,Family"
"60","Babel","2006",79,"Best Picture",0,"Alejandro González Iñárritu, Jon Kilik and Steve Golin, Producers",432470,"tt0449467","Babel","Drama"
"62","Barry Lyndon","1975",48,"Best Picture",0,"Stanley Kubrick, Producer",71231,"tt0072684","Barry Lyndon","Adventure,Drama,History"
"63","Battleground","1949",22,"Best Motion Picture",0,"Metro-Goldwyn-Mayer",40474,"tt0041163","Battleground","Action,Drama,War"
"64","Beasts of the Southern Wild","2012",85,"Best Picture",0,"Dan Janvey, Josh Penn and Michael Gottwald, Producers",2051626,"tt2125435","Beasts of the Southern Wild","Adventure,Drama,Fantasy"
"65","Beauty and the Beast","1991",64,"Best Picture",0,"Don Hahn, Producer",99222,"tt0101414","Beauty and the Beast","Animation,Family,Fantasy"
"66","Becket","1964",37,"Best Picture",0,"Hal B. Wallis, Producer",56809,"tt0057877","Becket","Biography,Drama,History"
"67","Ben-Hur","1959",32,"Best Motion Picture",1,"Sam Zimbalist, Producer",51671,"tt0052618","Ben-Hur","Adventure,Drama,History"
"68","Birdman or (The Unexpected Virtue of Ignorance)","2014",87,"Best Picture",1,"Alejandro G. Iñárritu, John Lesher and James W. Skotchdopole, Producers",2364106,"tt2562232","Birdman or (The Unexpected Virtue of Ignorance)","Comedy,Drama"
"69","Black Swan","2010",83,"Best Picture",0,"Mike Medavoy, Brian Oliver and Scott Franklin, Producers",919337,"tt0947798","Black Swan","Drama,Thriller"
"70","Blossoms in the Dust","1941",14,"Outstanding Motion Picture",0,"Metro-Goldwyn-Mayer",32834,"tt0033407","Blossoms in the Dust","Biography,Drama,Romance"
"71","Bonnie and Clyde","1967",40,"Best Picture",0,"Warren Beatty, Producer",60269,"tt0061418","Bonnie and Clyde","Action,Biography,Crime"
"72","Born on the Fourth of July","1989",62,"Best Picture",0,"A. Kitman Ho and Oliver Stone, Producers",94887,"tt0096969","Born on the Fourth of July","Biography,Drama,War"
"73","Born Yesterday","1950",23,"Best Motion Picture",0,"Columbia",41563,"tt0042276","Born Yesterday","Comedy,Drama,Romance"
"74","Bound for Glory","1976",49,"Best Picture",0,"Robert F. Blumofe and Harold Leventhal, Producers",72737,"tt0074235","Bound for Glory","Biography,Drama,Music"
"75","Boyhood","2014",87,"Best Picture",0,"Richard Linklater and Cathleen Sutherland, Producers",1032608,"tt1065073","Boyhood","Drama"
"76","Boys Town","1938",11,"Outstanding Production",0,"Metro-Goldwyn-Mayer",29439,"tt0029942","Boys Town","Biography,Drama"
"77","Braveheart","1995",68,"Best Picture",1,"Mel Gibson, Alan Ladd, Jr. and Bruce Davey, Producers",110171,"tt0112573","Braveheart","Biography,Drama,History"
"78","Breaking Away","1979",52,"Best Picture",0,"Peter Yates, Producer",77282,"tt0078902","Breaking Away","Comedy,Drama,Romance"
"79","Bridge of Spies","2015",88,"Best Picture",0,"Steven Spielberg, Marc Platt and Kristie Macosko Krieger, Producers",2841348,"tt3682448","Bridge of Spies","Drama,History,Thriller"
"80","Broadcast News","1987",60,"Best Picture",0,"James L. Brooks, Producer",90717,"tt0092699","Broadcast News","Comedy,Drama,Romance"
"81","Broadway Melody of 1936","1935",8,"Outstanding Production",0,"Metro-Goldwyn-Mayer",25707,"tt0026144","Broadway Melody of 1936","Musical,Romance"
"82","Brokeback Mountain","2005",78,"Best Picture",0,"Diana Ossana and James Schamus, Producers",373335,"tt0388795","Brokeback Mountain","Drama,Romance"
"83","Brooklyn","2015",88,"Best Picture",0,"Finola Dwyer and Amanda Posey, Producers",2278718,"tt2381111","Brooklyn","Drama,Romance"
"84","Bugsy","1991",64,"Best Picture",0,"Mark Johnson, Barry Levinson and Warren Beatty, Producers",99324,"tt0101516","Bugsy","Biography,Crime,Drama"
"85","Butch Cassidy and the Sundance Kid","1969",42,"Best Picture",0,"John Foreman, Producer",62878,"tt0064115","Butch Cassidy and the Sundance Kid","Biography,Crime,Drama"
"86","Cabaret","1972",45,"Best Picture",0,"Cy Feuer, Producer",67003,"tt0068327","Cabaret","Drama,Musical"
"87","Capote","2005",78,"Best Picture",0,"Caroline Baron, William Vince and Michael Ohoven, Producers",364804,"tt0379725","Capote","Biography,Crime,Drama"
"88","Captain Blood","1935",8,"Outstanding Production",0,"Cosmopolitan [Third]",25737,"tt0026174","Captain Blood","Action,Adventure"
"89","Captain Phillips","2013",86,"Best Picture",0,"Scott Rudin, Dana Brunetti and Michael De Luca, Producers",1483713,"tt1535109","Captain Phillips","Biography,Drama,Thriller"
"90","Captains Courageous","1937",10,"Outstanding Production",0,"Metro-Goldwyn-Mayer",28203,"tt0028691","Captains Courageous","Adventure,Drama,Family"
"92","Cat on a Hot Tin Roof","1958",31,"Best Motion Picture",0,"Lawrence Weingarten, Producer",50556,"tt0051459","Cat on a Hot Tin Roof","Drama"
"93","Cavalcade","1933",6,"Outstanding Production",1,"Fox",23482,"tt0023876","Cavalcade","Drama,Romance,War"
"94","Chariots of Fire","1981",54,"Best Picture",1,"David Puttnam, Producer",80433,"tt0082158","Chariots of Fire","Biography,Drama,Sport"
"95","Chicago","2002",75,"Best Picture",1,"Martin Richards, Producer",287506,"tt0299658","Chicago","Comedy,Crime,Musical"
"96","Children of a Lesser God","1986",59,"Best Picture",0,"Burt Sugarman and Patrick Palmer, Producers",88888,"tt0090830","Children of a Lesser God","Drama,Romance"
"97","Chinatown","1974",47,"Best Picture",0,"Robert Evans, Producer",69896,"tt0071315","Chinatown","Drama,Mystery,Thriller"
"98","Chocolat","2000",73,"Best Picture",0,"David Brown, Kit Golden and Leslie Holleran, Producers",231638,"tt0241303","Chocolat","Drama,Romance"
"99","Cimarron","1931",4,"Outstanding Production",1,"RKO Radio",21413,"tt0021746","Cimarron","Drama,Western"
"100","Citizen Kane","1941",14,"Outstanding Motion Picture",0,"Mercury",32893,"tt0033467","Citizen Kane","Drama,Mystery"
"101","Cleopatra","1934",7,"Outstanding Production",0,"Paramount",24579,"tt0024991","Cleopatra","Biography,Drama,History"
"102","Cleopatra","1963",36,"Best Picture",0,"Walter Wanger, Producer",55888,"tt0056937","Cleopatra","Biography,Drama,History"
"103","Coal Miner's Daughter","1980",53,"Best Picture",0,"Bernard Schwartz, Producer",78876,"tt0080549","Coal Miner's Daughter","Biography,Drama,Music"
"104","Coming Home","1978",51,"Best Picture",0,"Jerome Hellman, Producer",75779,"tt0077362","Coming Home","Drama,Romance,War"
"107","Crossfire","1947",20,"Best Motion Picture",0,"RKO Radio",38627,"tt0039286","Crossfire","Crime,Drama,Film-Noir"
"109","Dallas Buyers Club","2013",86,"Best Picture",0,"Robbie Brenner and Rachel Winter, Producers",767176,"tt0790636","Dallas Buyers Club","Biography,Drama"
"111","Dangerous Liaisons","1988",61,"Best Picture",0,"Norma Heyman and Hank Moonjean, Producers",92916,"tt0094947","Dangerous Liaisons","Drama,Romance"
"112","Dark Victory","1939",12,"Outstanding Production",0,"Warner Brothers-First National",30679,"tt0031210","Dark Victory","Drama,Romance"
"113","Darling","1965",38,"Best Picture",0,"Joseph Janni, Producer",57999,"tt0059084","Darling","Drama,Romance"
"115","Dead End","1937",10,"Outstanding Production",0,"Samuel Goldwyn Productions",28285,"tt0028773","Dead End","Crime,Drama,Film-Noir"
"116","Dead Poets Society","1989",62,"Best Picture",0,"Steven Haft, Paul Junger Witt and Tony Thomas, Producers",95078,"tt0097165","Dead Poets Society","Comedy,Drama"
"118","Deliverance","1972",45,"Best Picture",0,"John Boorman, Producer",67146,"tt0068473","Deliverance","Adventure,Drama,Thriller"
"120","District 9","2009",82,"Best Picture",0,"Peter Jackson and Carolynne Cunningham, Producers",1100444,"tt1136608","District 9","Sci-Fi,Thriller"
"121","Django Unchained","2012",85,"Best Picture",0,"Stacey Sher, Reginald Hudlin and Pilar Savone, Producers",1790098,"tt1853728","Django Unchained","Drama,Western"
"122","Doctor Dolittle","1967",40,"Best Picture",0,"Arthur P. Jacobs, Producer",60428,"tt0061584","Doctor Dolittle","Adventure,Comedy,Family"
"123","Doctor Zhivago","1965",38,"Best Picture",0,"Carlo Ponti, Producer",58028,"tt0059113","Doctor Zhivago","Drama,Romance,War"
"124","Dodsworth","1936",9,"Outstanding Production",0,"Samuel Goldwyn Productions",27066,"tt0027532","Dodsworth","Drama,Romance"
"125","Dog Day Afternoon","1975",48,"Best Picture",0,"Martin Bregman and Martin Elfand, Producers",71433,"tt0072890","Dog Day Afternoon","Biography,Crime,Drama"
"126","Double Indemnity","1944",17,"Best Motion Picture",0,"Paramount",36154,"tt0036775","Double Indemnity","Crime,Drama,Film-Noir"
"127","Dr. Strangelove or: How I Learned to Stop Worrying and Love the Bomb","1964",37,"Best Picture",0,"Stanley Kubrick, Producer",55962,"tt0057012","Dr. Strangelove or: How I Learned to Stop Worrying and Love the Bomb","Comedy,War"
"128","Driving Miss Daisy","1989",62,"Best Picture",1,"Richard D. Zanuck and Lili Fini Zanuck, Producers",95151,"tt0097239","Driving Miss Daisy","Drama"
"130","East Lynne","1931",4,"Outstanding Production",0,"Fox",21491,"tt0021826","East Lynne","Drama"
"131","Elizabeth","1998",71,"Best Picture",0,"Alison Owen, Eric Fellner and Tim Bevan, Producers",124296,"tt0127536","Elizabeth","Biography,Drama,History"
"132","Elmer Gantry","1960",33,"Best Motion Picture",0,"Bernard Smith, Producer",52813,"tt0053793","Elmer Gantry","Drama"
"133","Erin Brockovich","2000",73,"Best Picture",0,"Danny DeVito, Michael Shamberg and Stacey Sher, Producers",188592,"tt0195685","Erin Brockovich","Biography,Drama"
"134","Extremely Loud & Incredibly Close","2011",84,"Best Picture",0,"Scott Rudin, Producer",459557,"tt0477302","Extremely Loud & Incredibly Close","Adventure,Drama,Mystery"
"135","Fanny","1961",34,"Best Motion Picture",0,"Joshua Logan, Producer",53866,"tt0054866","Fanny","Drama,Romance"
"136","Fargo","1996",69,"Best Picture",0,"Ethan Coen, Producer",113769,"tt0116282","Fargo","Crime,Drama,Thriller"
"137","Fatal Attraction","1987",60,"Best Picture",0,"Stanley R. Jaffe and Sherry Lansing, Producers",91020,"tt0093010","Fatal Attraction","Drama,Thriller"
"138","Father of the Bride","1950",23,"Best Motion Picture",0,"Metro-Goldwyn-Mayer",41735,"tt0042451","Father of the Bride","Comedy,Romance"
"140","Fiddler on the Roof","1971",44,"Best Picture",0,"Norman Jewison, Producer",65791,"tt0067093","Fiddler on the Roof","Drama,Family,Musical"
"141","Field of Dreams","1989",62,"Best Picture",0,"Lawrence Gordon and Charles Gordon, Producers",95258,"tt0097351","Field of Dreams","Drama,Family,Fantasy"
"142","Finding Neverland","2004",77,"Best Picture",0,"Richard N. Gladstein and Nellie Bellflower, Producers",296049,"tt0308644","Finding Neverland","Biography,Drama,Family"
"143","Five Easy Pieces","1970",43,"Best Picture",0,"Bob Rafelson and Richard Wechsler, Producers",64450,"tt0065724","Five Easy Pieces","Drama"
"145","Flirtation Walk","1934",7,"Outstanding Production",0,"First National",24712,"tt0025124","Flirtation Walk","Musical,Romance"
"146","For Whom the Bell Tolls","1943",16,"Outstanding Motion Picture",0,"Paramount",35289,"tt0035896","For Whom the Bell Tolls","Adventure,Drama,History"
"147","Foreign Correspondent","1940",13,"Outstanding Production",0,"Walter Wanger (production company)",31925,"tt0032484","Foreign Correspondent","Action,Romance,Thriller"
"148","Forrest Gump","1994",67,"Best Picture",1,"Wendy Finerman, Steve Tisch and Steve Starkey, Producers",107487,"tt0109830","Forrest Gump","Drama,Romance"
"149","Four Daughters","1938",11,"Outstanding Production",0,"Warner Brothers-First National",29643,"tt0030149","Four Daughters","Drama,Music,Romance"
"150","Four Weddings and a Funeral","1994",67,"Best Picture",0,"Duncan Kenworthy, Producer",107488,"tt0109831","Four Weddings and a Funeral","Comedy,Drama,Romance"
"153","Friendly Persuasion","1956",29,"Best Motion Picture",0,"William Wyler, Producer",48379,"tt0049233","Friendly Persuasion","Drama,Romance,War"
"154","From Here to Eternity","1953",26,"Best Motion Picture",1,"Buddy Adler, Producer",45013,"tt0045793","From Here to Eternity","Drama,Romance,War"
"155","Frost/Nixon","2008",81,"Best Picture",0,"Brian Grazer, Ron Howard and Eric Fellner, Producers",844224,"tt0870111","Frost/Nixon","Biography,Drama"
"156","Funny Girl","1968",41,"Best Picture",0,"Ray Stark, Producer",61798,"tt0062994","Funny Girl","Biography,Comedy,Drama"
"157","Gandhi","1982",55,"Best Picture",1,"Richard Attenborough, Producer",82218,"tt0083987","Gandhi","Biography,Drama,History"
"158","Gangs of New York","2002",75,"Best Picture",0,"Alberto Grimaldi and Harvey Weinstein, Producers",208990,"tt0217505","Gangs of New York","Crime,Drama"
"159","Gaslight","1944",17,"Best Motion Picture",0,"Metro-Goldwyn-Mayer",36234,"tt0036855","Gaslight","Crime,Drama,Film-Noir"
"160","Gentleman's Agreement","1947",20,"Best Motion Picture",1,"20th Century-Fox",38756,"tt0039416","Gentleman's Agreement","Drama,Romance"
"161","Ghost","1990",63,"Best Picture",0,"Lisa Weinstein, Producer",97506,"tt0099653","Ghost","Drama,Fantasy,Romance"
"162","Giant","1956",29,"Best Motion Picture",0,"George Stevens and Henry Ginsberg, Producers",48407,"tt0049261","Giant","Drama,Western"
"163","Gigi","1958",31,"Best Motion Picture",1,"Arthur Freed, Producer",50749,"tt0051658","Gigi","Comedy,Musical,Romance"
"164","Gladiator","2000",73,"Best Picture",1,"Douglas Wick, David Franzoni and Branko Lustig, Producers",166838,"tt0172495","Gladiator","Action,Adventure,Drama"
"165","Going My Way","1944",17,"Best Motion Picture",1,"Paramount",36251,"tt0036872","Going My Way","Comedy,Drama,Music"
"166","Gone with the Wind","1939",12,"Outstanding Production",1,"Selznick International Pictures",30846,"tt0031381","Gone with the Wind","Drama,History,Romance"
"168","Good Night, and Good Luck.","2005",78,"Best Picture",0,"Grant Heslov, Producer",416790,"tt0433383","Good Night, and Good Luck.","Biography,Drama,History"
"169","Good Will Hunting","1997",70,"Best Picture",0,"Lawrence Bender, Producer",116587,"tt0119217","Good Will Hunting","Drama"
"170","Goodbye, Mr. Chips","1939",12,"Outstanding Production",0,"Metro-Goldwyn-Mayer",30850,"tt0031385","Goodbye, Mr. Chips","Drama,Romance"
"171","Gosford Park","2001",74,"Best Picture",0,"Robert Altman, Bob Balaban and David Levy, Producers",269353,"tt0280707","Gosford Park","Comedy,Drama,Mystery"
"172","Grand Hotel","1932",5,"Outstanding Production",1,"Metro-Goldwyn-Mayer",22592,"tt0022958","Grand Hotel","Drama,Romance"
"174","Gravity","2013",86,"Best Picture",0,"Alfonso Cuarón and David Heyman, Producers",1405938,"tt1454468","Gravity","Drama,Sci-Fi,Thriller"
"176","Guess Who's Coming to Dinner","1967",40,"Best Picture",0,"Stanley Kramer, Producer",60574,"tt0061735","Guess Who's Coming to Dinner","Comedy,Drama"
"177","Hamlet","1948",21,"Best Motion Picture",1,"J. Arthur Rank-Two Cities Films",39739,"tt0040416","Hamlet","Drama"
"178","Hannah and Her Sisters","1986",59,"Best Picture",0,"Robert Greenhut, Producer",89221,"tt0091167","Hannah and Her Sisters","Comedy,Drama"
"179","Heaven Can Wait","1943",16,"Outstanding Motion Picture",0,"20th Century-Fox",35372,"tt0035979","Heaven Can Wait","Comedy,Drama,Fantasy"
"180","Heaven Can Wait","1978",51,"Best Picture",0,"Warren Beatty, Producer",76078,"tt0077663","Heaven Can Wait","Comedy,Fantasy,Romance"
"181","Hello, Dolly!","1969",42,"Best Picture",0,"Ernest Lehman, Producer",63175,"tt0064418","Hello, Dolly!","Adventure,Comedy,Musical"
"183","Her","2013",86,"Best Picture",0,"Megan Ellison, Spike Jonze and Vincent Landay, Producers",1737102,"tt1798709","Her","Drama,Romance,Sci-Fi"
"184","Here Comes Mr. Jordan","1941",14,"Outstanding Motion Picture",0,"Columbia",33133,"tt0033712","Here Comes Mr. Jordan","Comedy,Fantasy,Romance"
"185","Here Comes the Navy","1934",7,"Outstanding Production",0,"Warner Brothers",24824,"tt0025238","Here Comes the Navy","Comedy,Drama,Romance"
"186","High Noon","1952",25,"Best Motion Picture",0,"Stanley Kramer, Producer",43943,"tt0044706","High Noon","Action,Drama,Thriller"
"187","Hold Back the Dawn","1941",14,"Outstanding Motion Picture",0,"Paramount",33143,"tt0033722","Hold Back the Dawn","Drama,Romance"
"188","Hope and Glory","1987",60,"Best Picture",0,"John Boorman, Producer",91217,"tt0093209","Hope and Glory","Comedy,Drama,Romance"
"189","How Green Was My Valley","1941",14,"Outstanding Motion Picture",1,"20th Century-Fox",33150,"tt0033729","How Green Was My Valley","Drama,Family"
"191","Howards End","1992",65,"Best Picture",0,"Ismail Merchant, Producer",102219,"tt0104454","Howards End","Drama,Romance"
"192","Hugo","2011",84,"Best Picture",0,"Graham King and Martin Scorsese, Producers",941000,"tt0970179","Hugo","Adventure,Drama,Family"
"194","Imitation of Life","1934",7,"Outstanding Production",0,"Universal",24886,"tt0025301","Imitation of Life","Drama,Romance"
"195","In Old Chicago","1937",10,"Outstanding Production",0,"20th Century-Fox",28556,"tt0029047","In Old Chicago","Action,Drama,Musical"
"196","In the Bedroom","2001",74,"Best Picture",0,"Graham Leader, Ross Katz and Todd Field, Producers",237486,"tt0247425","In the Bedroom","Crime,Drama"
"197","In the Heat of the Night","1967",40,"Best Picture",1,"Walter Mirisch, Producer",60648,"tt0061811","In the Heat of the Night","Crime,Drama,Mystery"
"198","In the Name of the Father","1993",66,"Best Picture",0,"Jim Sheridan, Producer",104919,"tt0107207","In the Name of the Father","Biography,Drama"
"200","Inception","2010",83,"Best Picture",0,"Emma Thomas and Christopher Nolan, Producers",1329556,"tt1375666","Inception","Action,Adventure,Sci-Fi"
"201","Inglourious Basterds","2009",82,"Best Picture",0,"Lawrence Bender, Producer",347421,"tt0361748","Inglourious Basterds","Adventure,Drama,War"
"202","It's a Wonderful Life","1946",19,"Best Motion Picture",0,"Liberty Films",37996,"tt0038650","It's a Wonderful Life","Drama,Family,Fantasy"
"203","It Happened One Night","1934",7,"Outstanding Production",1,"Columbia",24901,"tt0025316","It Happened One Night","Comedy,Romance"
"204","Ivanhoe","1952",25,"Best Motion Picture",0,"Pandro S. Berman, Producer",43996,"tt0044760","Ivanhoe","Adventure,Drama,History"
"205","Jaws","1975",48,"Best Picture",0,"Richard D. Zanuck and David Brown, Producers",71728,"tt0073195","Jaws","Adventure,Drama,Thriller"
"206","Jerry Maguire","1996",69,"Best Picture",0,"James L. Brooks, Laurence Mark, Richard Sakai and Cameron Crowe, Producers",114165,"tt0116695","Jerry Maguire","Comedy,Drama,Romance"
"207","Jezebel","1938",11,"Outstanding Production",0,"Warner Brothers",29779,"tt0030287","Jezebel","Drama,Romance"
"208","JFK","1991",64,"Best Picture",0,"A. Kitman Ho and Oliver Stone, Producers",99937,"tt0102138","JFK","Drama,History,Thriller"
"209","Johnny Belinda","1948",21,"Best Motion Picture",0,"Warner Brothers",39818,"tt0040495","Johnny Belinda","Drama"
"210","Judgment at Nuremberg","1961",34,"Best Motion Picture",0,"Stanley Kramer, Producer",54029,"tt0055031","Judgment at Nuremberg","Drama,War"
"211","Julia","1977",50,"Best Picture",0,"Richard Roth, Producer",74692,"tt0076245","Julia","Drama"
"212","Julius Caesar","1953",26,"Best Motion Picture",0,"John Houseman, Producer",45156,"tt0045943","Julius Caesar","Biography,Drama,History"
"213","Juno","2007",80,"Best Picture",0,"Lianne Halfon, Mason Novick and Russell Smith, Producers",449939,"tt0467406","Juno","Comedy,Drama"
"214","King Solomon's Mines","1950",23,"Best Motion Picture",0,"Metro-Goldwyn-Mayer",41926,"tt0042646","King Solomon's Mines","Action,Adventure,Romance"
"215","Kings Row","1942",15,"Outstanding Motion Picture",0,"Warner Brothers",34353,"tt0034946","Kings Row","Drama,Mystery,Romance"
"216","Kiss of the Spider Woman","1985",58,"Best Picture",0,"David Weisman, Producer",87514,"tt0089424","Kiss of the Spider Woman","Drama"
"217","Kitty Foyle","1940",13,"Outstanding Production",0,"RKO Radio",32110,"tt0032671","Kitty Foyle","Drama,Romance"
"218","Kramer vs. Kramer","1979",52,"Best Picture",1,"Stanley R. Jaffe, Producer",77786,"tt0079417","Kramer vs. Kramer","Drama"
"219","L.A. Confidential","1997",70,"Best Picture",0,"Arnon Milchan, Curtis Hanson and Michael Nathanson, Producers",116846,"tt0119488","L.A. Confidential","Crime,Drama,Mystery"
"220","Lady for a Day","1933",6,"Outstanding Production",0,"Columbia",23843,"tt0024240","Lady for a Day","Comedy"
"221","Lawrence of Arabia","1962",35,"Best Picture",1,"Sam Spiegel, Producer",55142,"tt0056172","Lawrence of Arabia","Adventure,Biography,Drama"
"222","Lenny","1974",47,"Best Picture",0,"Marvin Worth, Producer",70317,"tt0071746","Lenny","Biography,Drama"
"224","Les Misérables","2012",85,"Best Picture",0,"Tim Bevan, Eric Fellner, Debra Hayward and Cameron Mackintosh, Producers",1650103,"tt1707386","Les Misérables","Drama,History,Musical"
"225","Letters from Iwo Jima","2006",79,"Best Picture",0,"Clint Eastwood, Steven Spielberg and Robert Lorenz, Producers",480044,"tt0498380","Letters from Iwo Jima","Drama,History,War"
"226","Libeled Lady","1936",9,"Outstanding Production",0,"Metro-Goldwyn-Mayer",27411,"tt0027884","Libeled Lady","Comedy,Romance"
"228","Life of Pi","2012",85,"Best Picture",0,"Gil Netter, Ang Lee and David Womark, Producers",437730,"tt0454876","Life of Pi","Adventure,Drama,Fantasy"
"229","Lilies of the Field","1963",36,"Best Picture",0,"Ralph Nelson, Producer",56197,"tt0057251","Lilies of the Field","Drama"
"230","Lincoln","2012",85,"Best Picture",0,"Steven Spielberg and Kathleen Kennedy, Producers",426462,"tt0443272","Lincoln","Biography,Drama,History"
"231","Little Miss Sunshine","2006",79,"Best Picture",0,"David T. Friendly, Peter Saraf and Marc Turtletaub, Producers",432076,"tt0449059","Little Miss Sunshine","Comedy,Drama"
"232","Little Women","1933",6,"Outstanding Production",0,"RKO Radio [Third]",23866,"tt0024264","Little Women","Drama,Family,Romance"
"233","Lost Horizon","1937",10,"Outstanding Production",0,"Columbia",28671,"tt0029162","Lost Horizon","Adventure,Drama,Fantasy"
"234","Lost in Translation","2003",76,"Best Picture",0,"Ross Katz and Sofia Coppola, Producers",321880,"tt0335266","Lost in Translation","Drama"
"235","Love Affair","1939",12,"Outstanding Production",0,"RKO Radio",31055,"tt0031593","Love Affair","Comedy,Drama,Romance"
"236","Love Is a Many-Splendored Thing","1955",28,"Best Motion Picture",0,"Buddy Adler, Producer",47473,"tt0048316","Love Is a Many-Splendored Thing","Biography,Drama,Romance"
"237","Love Story","1970",43,"Best Picture",0,"Howard G. Minsky, Producer",64732,"tt0066011","Love Story","Drama,Romance"
"239","Mad Max: Fury Road","2015",88,"Best Picture",0,"Doug Mitchell and George Miller, Producers",1345591,"tt1392190","Mad Max: Fury Road","Action,Adventure,Sci-Fi"
"240","Madame Curie","1943",16,"Outstanding Motion Picture",0,"Metro-Goldwyn-Mayer",35517,"tt0036126","Madame Curie","Biography,Drama,Romance"
"241","Marty","1955",28,"Best Motion Picture",1,"Harold Hecht, Producer",47511,"tt0048356","Marty","Drama,Romance"
"242","Mary Poppins","1964",37,"Best Picture",0,"Walt Disney and Bill Walsh, Producers",57257,"tt0058331","Mary Poppins","Comedy,Family,Fantasy"
"243","Master and Commander: The Far Side of the World","2003",76,"Best Picture",0,"Samuel Goldwyn, Jr., Peter Weir and Duncan Henderson, Producers",298435,"tt0311113","Master and Commander: The Far Side of the World","Action,Adventure,Drama"
"245","The Broadway Melody","1929",2,"Outstanding Picture",0,"Hollywood Revue",19451,"tt0019729","The Broadway Melody","Drama,Musical,Romance"
"246","The Broadway Melody","1929",2,"Outstanding Picture",1,"Metro-Goldwyn-Mayer",19451,"tt0019729","The Broadway Melody","Drama,Musical,Romance"
"247","Michael Clayton","2007",80,"Best Picture",0,"Sydney Pollack, Jennifer Fox and Kerry Orent, Producers",448132,"tt0465538","Michael Clayton","Crime,Drama,Mystery"
"248","Midnight Cowboy","1969",42,"Best Picture",1,"Jerome Hellman, Producer",63418,"tt0064665","Midnight Cowboy","Drama"
"249","Midnight Express","1978",51,"Best Picture",0,"Alan Marshall and David Puttnam, Producers",76338,"tt0077928","Midnight Express","Biography,Crime,Drama"
"250","Midnight in Paris","2011",84,"Best Picture",0,"Letty Aronson and Stephen Tenenbaum, Producers",1551858,"tt1605783","Midnight in Paris","Comedy,Fantasy,Romance"
"251","Mildred Pierce","1945",18,"Best Motion Picture",0,"Warner Brothers",37271,"tt0037913","Mildred Pierce","Crime,Drama,Film-Noir"
"252","Milk","2008",81,"Best Picture",0,"Dan Jinks and Bruce Cohen, Producers",983333,"tt1013753","Milk","Biography,Drama"
"253","Million Dollar Baby","2004",77,"Best Picture",1,"Clint Eastwood, Albert S. Ruddy and Tom Rosenberg, Producers",389263,"tt0405159","Million Dollar Baby","Drama,Sport"
"254","Miracle on 34th Street","1947",20,"Best Motion Picture",0,"20th Century-Fox",38967,"tt0039628","Miracle on 34th Street","Comedy,Drama,Family"
"255","Missing","1982",55,"Best Picture",0,"Edward Lewis and Mildred Lewis, Producers",82557,"tt0084335","Missing","Biography,Drama,History"
"256","Mississippi Burning","1988",61,"Best Picture",0,"Frederick Zollo and Robert F. Colesberry, Producers",93600,"tt0095647","Mississippi Burning","Crime,Drama,History"
"257","Mister Roberts","1955",28,"Best Motion Picture",0,"Leland Hayward, Producer",47535,"tt0048380","Mister Roberts","Comedy,Drama,War"
"258","Moneyball","2011",84,"Best Picture",0,"Michael De Luca, Rachael Horovitz and Brad Pitt, Producers",1171116,"tt1210166","Moneyball","Biography,Drama,Sport"
"259","Moonstruck","1987",60,"Best Picture",0,"Patrick Palmer and Norman Jewison, Producers",91563,"tt0093565","Moonstruck","Comedy,Drama,Romance"
"260","Moulin Rouge","1952",25,"Best Motion Picture",0,"Romulus Films",44159,"tt0044926","Moulin Rouge","Biography,Drama,Music"
"262","Mr. Deeds Goes to Town","1936",9,"Outstanding Production",0,"Columbia",27522,"tt0027996","Mr. Deeds Goes to Town","Comedy,Drama,Romance"
"263","Mr. Smith Goes to Washington","1939",12,"Outstanding Production",0,"Columbia",31140,"tt0031679","Mr. Smith Goes to Washington","Comedy,Drama"
"264","Mrs. Miniver","1942",15,"Outstanding Motion Picture",1,"Metro-Goldwyn-Mayer",34498,"tt0035093","Mrs. Miniver","Drama,Romance,War"
"265","Munich","2005",78,"Best Picture",0,"Kathleen Kennedy, Steven Spielberg and Barry Mendel, Producers",392327,"tt0408306","Munich","Drama,History,Thriller"
"266","Mutiny on the Bounty","1935",8,"Outstanding Production",1,"Metro-Goldwyn-Mayer",26301,"tt0026752","Mutiny on the Bounty","Adventure,Biography,Drama"
"267","Mutiny on the Bounty","1962",35,"Best Picture",0,"Aaron Rosenberg, Producer",55232,"tt0056264","Mutiny on the Bounty","Adventure,Drama,History"
"268","My Fair Lady","1964",37,"Best Picture",1,"Jack L. Warner, Producer",57309,"tt0058385","My Fair Lady","Drama,Family,Musical"
"270","Mystic River","2003",76,"Best Picture",0,"Robert Lorenz, Judie G. Hoyt and Clint Eastwood, Producers",313880,"tt0327056","Mystic River","Crime,Drama,Mystery"
"271","Nashville","1975",48,"Best Picture",0,"Robert Altman, Producer",71966,"tt0073440","Nashville","Comedy,Drama,Music"
"272","Naughty Marietta","1935",8,"Outstanding Production",0,"Metro-Goldwyn-Mayer",26317,"tt0026768","Naughty Marietta","Drama,Musical,Romance"
"273","Nebraska","2013",86,"Best Picture",0,"Albert Berger and Ron Yerxa, Producers",1759048,"tt1821549","Nebraska","Adventure,Comedy,Drama"
"274","Network","1976",49,"Best Picture",0,"Howard Gottfried, Producer",73439,"tt0074958","Network","Drama"
"275","Nicholas and Alexandra","1971",44,"Best Picture",0,"Sam Spiegel, Producer",66174,"tt0067483","Nicholas and Alexandra","Biography,Drama,History"
"276","Ninotchka","1939",12,"Outstanding Production",0,"Metro-Goldwyn-Mayer",31183,"tt0031725","Ninotchka","Comedy,Romance"
"277","No Country for Old Men","2007",80,"Best Picture",1,"Scott Rudin, Ethan Coen and Joel Coen, Producers",459603,"tt0477348","No Country for Old Men","Crime,Drama,Thriller"
"278","Norma Rae","1979",52,"Best Picture",0,"Tamara Asseyev and Alex Rose, Producers",77998,"tt0079638","Norma Rae","Drama"
"279","Of Mice and Men","1939",12,"Outstanding Production",0,"Hal Roach (production company)",31200,"tt0031742","Of Mice and Men","Drama"
"280","Oliver!","1968",41,"Best Picture",1,"John Woolf, Producer",62172,"tt0063385","Oliver!","Drama,Family,Musical"
"281","On Golden Pond","1981",54,"Best Picture",0,"Bruce Gilbert, Producer",81106,"tt0082846","On Golden Pond","Drama"
"282","On the Waterfront","1954",27,"Best Motion Picture",1,"Sam Spiegel, Producer",46475,"tt0047296","On the Waterfront","Crime,Drama,Thriller"
"284","One Foot in Heaven","1941",14,"Outstanding Motion Picture",0,"Warner Brothers",33396,"tt0033980","One Foot in Heaven","Biography,Drama"
"285","One Hour with You","1932",5,"Outstanding Production",0,"Paramount Publix",22928,"tt0023303","One Hour with You","Comedy,Musical,Romance"
"286","One Hundred Men and a Girl","1937",10,"Outstanding Production",0,"Universal",28855,"tt0029347","One Hundred Men and a Girl","Comedy,Music"
"287","One Night of Love","1934",7,"Outstanding Production",0,"Columbia",25175,"tt0025601","One Night of Love","Music,Romance"
"288","Ordinary People","1980",53,"Best Picture",1,"Ronald L. Schwary, Producer",79590,"tt0081283","Ordinary People","Drama"
"289","Our Town","1940",13,"Outstanding Production",0,"Sol Lesser (production company)",32315,"tt0032881","Our Town","Drama,Romance"
"290","Out of Africa","1985",58,"Best Picture",1,"Sydney Pollack, Producer",87839,"tt0089755","Out of Africa","Biography,Drama,Romance"
"293","Patton","1970",43,"Best Picture",1,"Frank McCarthy, Producer",64925,"tt0066206","Patton","Biography,Drama,War"
"294","Peyton Place","1957",30,"Best Motion Picture",0,"Jerry Wald, Producer",49954,"tt0050839","Peyton Place","Drama,Romance"
"295","Philomena","2013",86,"Best Picture",0,"Gabrielle Tana, Steve Coogan and Tracey Seaward, Producers",2310886,"tt2431286","Philomena","Biography,Drama"
"296","Picnic","1955",28,"Best Motion Picture",0,"Fred Kohlmar, Producer",47645,"tt0048491","Picnic","Drama,Romance"
"297","Places in the Heart","1984",57,"Best Picture",0,"Arlene Donovan, Producer",86047,"tt0087921","Places in the Heart","Drama"
"298","Platoon","1986",59,"Best Picture",1,"Arnold Kopelson, Producer",89803,"tt0091763","Platoon","Drama,War"
"300","Prizzi's Honor","1985",58,"Best Picture",0,"John Foreman, Producer",87924,"tt0089841","Prizzi's Honor","Comedy,Crime,Drama"
"301","Pulp Fiction","1994",67,"Best Picture",0,"Lawrence Bender, Producer",108551,"tt0110912","Pulp Fiction","Crime,Drama"
"302","Pygmalion","1938",11,"Outstanding Production",0,"Metro-Goldwyn-Mayer",30119,"tt0030637","Pygmalion","Comedy,Drama,Romance"
"303","Quiz Show","1994",67,"Best Picture",0,"Robert Redford, Michael Jacobs, Julian Krainin and Michael Nozik, Producers",108571,"tt0110932","Quiz Show","Biography,Drama,History"
"304","Quo Vadis","1951",24,"Best Motion Picture",0,"Sam Zimbalist, Producer",43205,"tt0043949","Quo Vadis","Biography,Drama,History"
"305","Rachel, Rachel","1968",41,"Best Picture",0,"Paul Newman, Producer",62269,"tt0063483","Rachel, Rachel","Drama,Romance"
"306","Raging Bull","1980",53,"Best Picture",0,"Irwin Winkler and Robert Chartoff, Producers",79696,"tt0081398","Raging Bull","Biography,Drama,Sport"
"307","Raiders of the Lost Ark","1981",54,"Best Picture",0,"Frank Marshall, Producer",81227,"tt0082971","Raiders of the Lost Ark","Action,Adventure"
"308","Rain Man","1988",61,"Best Picture",1,"Mark Johnson, Producer",93900,"tt0095953","Rain Man","Drama"
"309","Random Harvest","1942",15,"Outstanding Motion Picture",0,"Metro-Goldwyn-Mayer",34641,"tt0035238","Random Harvest","Drama,Romance"
"310","Ray","2004",77,"Best Picture",0,"Taylor Hackford, Stuart Benjamin and Howard Baldwin, Producers",336182,"tt0350258","Ray","Biography,Drama,Music"
"311","Rebecca","1940",13,"Outstanding Production",1,"Selznick International Pictures",32408,"tt0032976","Rebecca","Drama,Mystery,Romance"
"312","Reds","1981",54,"Best Picture",0,"Warren Beatty, Producer",81235,"tt0082979","Reds","Biography,Drama,History"
"313","Rocky","1976",49,"Best Picture",1,"Irwin Winkler and Robert Chartoff, Producers",73623,"tt0075148","Rocky","Drama,Sport"
"314","Roman Holiday","1953",26,"Best Motion Picture",0,"William Wyler, Producer",45456,"tt0046250","Roman Holiday","Comedy,Romance"
"315","Romeo and Juliet","1936",9,"Outstanding Production",0,"Metro-Goldwyn-Mayer",27723,"tt0028203","Romeo and Juliet","Drama,Romance"
"316","Romeo and Juliet","1968",41,"Best Picture",0,"Anthony Havelock-Allan and John Brabourne, Producers",62303,"tt0063518","Romeo and Juliet","Drama,Romance"
"317","Room","2015",88,"Best Picture",0,"Ed Guiney, Producer",2619424,"tt3170832","Room","Drama"
"318","Room at the Top","1959",32,"Best Motion Picture",0,"John Woolf and James Woolf, Producers",52260,"tt0053226","Room at the Top","Drama,Romance"
"319","Ruggles of Red Gap","1935",8,"Outstanding Production",0,"Paramount",26498,"tt0026955","Ruggles of Red Gap","Comedy,Romance"
"320","San Francisco","1936",9,"Outstanding Production",0,"Metro-Goldwyn-Mayer",27736,"tt0028216","San Francisco","Drama,Musical,Romance"
"321","Saving Private Ryan","1998",71,"Best Picture",0,"Steven Spielberg, Ian Bryce, Mark Gordon and Gary Levinsohn, Producers",118069,"tt0120815","Saving Private Ryan","Drama,War"
"322","Sayonara","1957",30,"Best Motion Picture",0,"William Goetz, Producer",50044,"tt0050933","Sayonara","Drama,Romance"
"323","Scent of a Woman","1992",65,"Best Picture",0,"Martin Brest, Producer",103075,"tt0105323","Scent of a Woman","Drama"
"324","Schindler's List","1993",66,"Best Picture",1,"Steven Spielberg, Gerald R. Molen and Branko Lustig, Producers",105745,"tt0108052","Schindler's List","Biography,Drama,History"
"325","Seabiscuit","2003",76,"Best Picture",0,"Kathleen Kennedy, Frank Marshall and Gary Ross, Producers",316317,"tt0329575","Seabiscuit","Drama,History,Sport"
"326","Secrets & Lies","1996",69,"Best Picture",0,"Simon Channing-Williams, Producer",115029,"tt0117589","Secrets & Lies","Drama"
"327","Selma","2014",87,"Best Picture",0,"Christian Colson, Oprah Winfrey, Dede Gardner and Jeremy Kleiner, Producers",989346,"tt1020072","Selma","Biography,Drama,History"
"328","Sense and Sensibility","1995",68,"Best Picture",0,"Lindsay Doran, Producer",111940,"tt0114388","Sense and Sensibility","Drama,Romance"
"329","Separate Tables","1958",31,"Best Motion Picture",0,"Harold Hecht, Producer",51249,"tt0052182","Separate Tables","Drama,Romance"
"330","Sergeant York","1941",14,"Outstanding Motion Picture",0,"Warner Brothers",33581,"tt0034167","Sergeant York","Biography,Drama,History"
"331","Seven Brides for Seven Brothers","1954",27,"Best Motion Picture",0,"Jack Cummings, Producer",46646,"tt0047472","Seven Brides for Seven Brothers","Comedy,Drama,Musical"
"332","Shakespeare in Love","1998",71,"Best Picture",1,"David Parfitt, Donna Gigliotti, Harvey Weinstein, Edward Zwick and Marc Norman, Producers",134343,"tt0138097","Shakespeare in Love","Comedy,Drama,History"
"333","Shane","1953",26,"Best Motion Picture",0,"George Stevens, Producer",45508,"tt0046303","Shane","Drama,Western"
"334","Shanghai Express","1932",5,"Outstanding Production",0,"Paramount Publix",23078,"tt0023458","Shanghai Express","Adventure,Drama,Romance"
"335","She Done Him Wrong","1933",6,"Outstanding Production",0,"Paramount",24147,"tt0024548","She Done Him Wrong","Comedy,Drama,History"
"336","Shine","1996",69,"Best Picture",0,"Jane Scott, Producer",115071,"tt0117631","Shine","Biography,Drama,Music"
"337","Ship of Fools","1965",38,"Best Picture",0,"Stanley Kramer, Producer",58610,"tt0059712","Ship of Fools","Drama,Romance,War"
"338","Sideways","2004",77,"Best Picture",0,"Michael London, Producer",360261,"tt0375063","Sideways","Comedy,Drama,Romance"
"339","Silver Linings Playbook","2012",85,"Best Picture",0,"Donna Gigliotti, Bruce Cohen and Jonathan Gordon, Producers",1013984,"tt1045658","Silver Linings Playbook","Comedy,Drama,Romance"
"340","Since You Went Away","1944",17,"Best Motion Picture",0,"Selznick International Pictures",36649,"tt0037280","Since You Went Away","Drama,Romance,War"
"341","Skippy","1931",4,"Outstanding Production",0,"Paramount Publix",22050,"tt0022397","Skippy","Comedy,Drama,Family"
"342","Slumdog Millionaire","2008",81,"Best Picture",1,"Christian Colson, Producer",979709,"tt1010048","Slumdog Millionaire","Drama"
"344","Sons and Lovers","1960",33,"Best Motion Picture",0,"Jerry Wald, Producer",53337,"tt0054326","Sons and Lovers","Drama"
"345","Sounder","1972",45,"Best Picture",0,"Robert B. Radnitz, Producer",67952,"tt0069303","Sounder","Drama,Family"
"346","Spellbound","1945",18,"Best Motion Picture",0,"Selznick International Pictures",37463,"tt0038109","Spellbound","Film-Noir,Mystery,Romance"
"347","Spotlight","2015",88,"Best Picture",1,"Michael Sugar, Steve Golin, Nicole Rocklin and Blye Pagon Faust, Producers",4706354,"tt7785302","Spotlight","Drama"
"348","Spotlight","2015",88,"Best Picture",1,"Michael Sugar, Steve Golin, Nicole Rocklin and Blye Pagon Faust, Producers",1830470,"tt1895587","Spotlight","Crime,Drama,History"
"349","Stage Door","1937",10,"Outstanding Production",0,"RKO Radio",29108,"tt0029604","Stage Door","Comedy,Drama"
"350","Stagecoach","1939",12,"Outstanding Production",0,"Walter Wanger (production company)",31425,"tt0031971","Stagecoach","Adventure,Western"
"351","Star Wars","1977",50,"Best Picture",0,"Gary Kurtz, Producer",75191,"tt0076759","Star Wars: Episode IV - A New Hope","Action,Adventure,Fantasy"
"352","State Fair","1933",6,"Outstanding Production",0,"Fox",24205,"tt0024610","State Fair","Comedy,Drama,Romance"
"353","Sunset Blvd.","1950",23,"Best Motion Picture",0,"Paramount",42286,"tt0043014","Sunset Boulevard","Drama,Film-Noir"
"354","Suspicion","1941",14,"Outstanding Motion Picture",0,"RKO Radio",33661,"tt0034248","Suspicion","Mystery,Thriller"
"355","Taxi Driver","1976",49,"Best Picture",0,"Michael Phillips and Julia Phillips, Producers",73785,"tt0075314","Taxi Driver","Crime,Drama"
"356","Tender Mercies","1983",56,"Best Picture",0,"Philip S. Hobel, Producer",84586,"tt0086423","Tender Mercies","Drama,Music"
"357","Terms of Endearment","1983",56,"Best Picture",1,"James L. Brooks, Producer",84588,"tt0086425","Terms of Endearment","Comedy,Drama"
"359","Test Pilot","1938",11,"Outstanding Production",0,"Metro-Goldwyn-Mayer",30324,"tt0030848","Test Pilot","Drama,Romance"
"360","The Accidental Tourist","1988",61,"Best Picture",0,"Lawrence Kasdan, Charles Okun and Michael Grillo, Producers",92576,"tt0094606","The Accidental Tourist","Drama,Romance"
"361","The Adventures of Robin Hood","1938",11,"Outstanding Production",0,"Warner Brothers-First National",29342,"tt0029843","The Adventures of Robin Hood","Action,Adventure,Romance"
"362","The Alamo","1960",33,"Best Motion Picture",0,"John Wayne, Producer",52603,"tt0053580","The Alamo","Adventure,Drama,History"
"363","The Apartment","1960",33,"Best Motion Picture",1,"Billy Wilder, Producer",52627,"tt0053604","The Apartment","Comedy,Drama,Romance"
"364","The Artist","2011",84,"Best Picture",1,"Thomas Langmann, Producer",1763324,"tt1825978","The Artist","Thriller"
"365","The Artist","2011",84,"Best Picture",1,"Thomas Langmann, Producer",1599923,"tt1655442","The Artist","Comedy,Drama,Romance"
"366","The Aviator","2004",77,"Best Picture",0,"Michael Mann and Graham King, Producers",325260,"tt0338751","The Aviator","Biography,Drama,History"
"367","The Awful Truth","1937",10,"Outstanding Production",0,"Columbia",28112,"tt0028597","The Awful Truth","Comedy,Romance"
"368","The Barretts of Wimpole Street","1934",7,"Outstanding Production",0,"Metro-Goldwyn-Mayer [Second]",24453,"tt0024865","The Barretts of Wimpole Street","Biography,Drama,Romance"
"369","The Bells of St. Mary's","1945",18,"Best Motion Picture",0,"Rainbow Productions",36899,"tt0037536","The Bells of St. Mary's","Drama"
"370","The Best Years of Our Lives","1946",19,"Best Motion Picture",1,"Samuel Goldwyn Productions",36247,"tt0036868","The Best Years of Our Lives","Drama,Romance,War"
"371","The Big Chill","1983",56,"Best Picture",0,"Michael Shamberg, Producer",83434,"tt0085244","The Big Chill","Comedy,Drama"
"372","The Big House","1930",3,"Outstanding Production",0,"Cosmopolitan",20384,"tt0020686","The Big House","Crime,Drama,Thriller"
"373","The Big Short","2015",88,"Best Picture",0,"Brad Pitt, Dede Gardner and Jeremy Kleiner, Producers",1542791,"tt1596363","The Big Short","Biography,Comedy,Drama"
"374","The Bishop's Wife","1947",20,"Best Motion Picture",0,"Samuel Goldwyn Productions",38532,"tt0039190","The Bishop's Wife","Comedy,Drama,Fantasy"
"375","The Blind Side","2009",82,"Best Picture",0,"Gil Netter, Andrew A. Kosove and Broderick Johnson, Producers",852644,"tt0878804","The Blind Side","Biography,Drama,Sport"
"376","The Bridge on the River Kwai","1957",30,"Best Motion Picture",1,"Sam Spiegel, Producer",49341,"tt0050212","The Bridge on the River Kwai","Adventure,Drama,War"
"378","The Caine Mutiny","1954",27,"Best Motion Picture",0,"Stanley Kramer, Producer",46007,"tt0046816","The Caine Mutiny","Drama,War"
"380","The Cider House Rules","1999",72,"Best Picture",0,"Richard N. Gladstein, Producer",121240,"tt0124315","The Cider House Rules","Drama,Romance"
"381","The Citadel","1938",11,"Outstanding Production",0,"Metro-Goldwyn-Mayer",29492,"tt0029995","The Citadel","Drama"
"382","The Color Purple","1985",58,"Best Picture",0,"Steven Spielberg, Kathleen Kennedy, Frank Marshall and Quincy Jones, Producers",87040,"tt0088939","The Color Purple","Drama"
"383","The Conversation","1974",47,"Best Picture",0,"Francis Ford Coppola, Producer; Fred Roos, Co-Producer",69939,"tt0071360","The Conversation","Drama,Mystery,Thriller"
"384","The Country Girl","1954",27,"Best Motion Picture",0,"William Perlberg, Producer",46062,"tt0046874","The Country Girl","Drama,Music"
"385","The Crying Game","1992",65,"Best Picture",0,"Stephen Woolley, Producer",101811,"tt0104036","The Crying Game","Crime,Drama,Romance"
"386","The Curious Case of Benjamin Button","2008",81,"Best Picture",0,"Kathleen Kennedy, Frank Marshall and Ceán Chaffin, Producers",405394,"tt0421715","The Curious Case of Benjamin Button","Drama,Fantasy,Romance"
"387","The Deer Hunter","1978",51,"Best Picture",1,"Barry Spikings, Michael Deeley, Michael Cimino and John Peverall, Producers",75832,"tt0077416","The Deer Hunter","Drama,War"
"388","The Defiant Ones","1958",31,"Best Motion Picture",0,"Stanley Kramer, Producer",50620,"tt0051525","The Defiant Ones","Crime,Drama"
"389","The Departed","2006",79,"Best Picture",1,"Graham King, Producer",391925,"tt0407887","The Departed","Crime,Drama,Thriller"
"390","The Descendants","2011",84,"Best Picture",0,"Jim Burke, Alexander Payne and Jim Taylor, Producers",1002362,"tt1033575","The Descendants","Comedy,Drama"
"391","The Diary of Anne Frank","1959",32,"Best Motion Picture",0,"George Stevens, Producer",51789,"tt0052738","The Diary of Anne Frank","Biography,Drama,Family"
"392","The Divorcee","1930",3,"Outstanding Production",0,"Metro-Goldwyn-Mayer",20523,"tt0020827","The Divorcee","Drama,Romance"
"393","The Dresser","1983",56,"Best Picture",0,"Peter Yates, Producer",83644,"tt0085461","The Dresser","Drama"
"394","The Elephant Man","1980",53,"Best Picture",0,"Jonathan Sanger, Producer",79001,"tt0080678","The Elephant Man","Biography,Drama"
"396","The English Patient","1996",69,"Best Picture",1,"Saul Zaentz, Producer",113700,"tt0116209","The English Patient","Drama,Romance,War"
"397","The Exorcist","1973",46,"Best Picture",0,"William Peter Blatty, Producer",68671,"tt0070047","The Exorcist","Horror"
"398","The Fighter","2010",83,"Best Picture",0,"David Hoberman, Todd Lieberman and Mark Wahlberg, Producers",935533,"tt0964517","The Fighter","Biography,Drama,Sport"
"399","The French Connection","1971",44,"Best Picture",1,"Philip D'Antoni, Producer",65814,"tt0067116","The French Connection","Action,Crime,Drama"
"400","The Front Page","1931",4,"Outstanding Production",0,"The Caddo Company",21553,"tt0021890","The Front Page","Comedy"
"401","The Fugitive","1993",66,"Best Picture",0,"Arnold Kopelson, Producer",104693,"tt0106977","The Fugitive","Action,Crime,Drama"
"402","The Full Monty","1997",70,"Best Picture",0,"Uberto Pasolini, Producer",116539,"tt0119164","The Full Monty","Comedy,Drama"
"403","The Gay Divorcee","1934",7,"Outstanding Production",0,"RKO Radio",24752,"tt0025164","The Gay Divorcee","Comedy,Musical,Romance"
"404","The Godfather","1972",45,"Best Picture",1,"Albert S. Ruddy, Producer",67313,"tt0068646","The Godfather","Crime,Drama"
"407","The Good Earth","1937",10,"Outstanding Production",0,"Metro-Goldwyn-Mayer",28456,"tt0028944","The Good Earth","Drama,Romance"
"408","The Goodbye Girl","1977",50,"Best Picture",0,"Ray Stark, Producer",74544,"tt0076095","The Goodbye Girl","Comedy,Drama,Romance"
"409","The Graduate","1967",40,"Best Picture",0,"Lawrence Turman, Producer",60561,"tt0061722","The Graduate","Comedy,Drama"
"410","The Grand Budapest Hotel","2014",87,"Best Picture",0,"Wes Anderson, Scott Rudin, Steven Rales and Jeremy Dawson, Producers",2188204,"tt2278388","The Grand Budapest Hotel","Adventure,Comedy,Drama"
"411","The Grapes of Wrath","1940",13,"Outstanding Production",0,"20th Century-Fox",31992,"tt0032551","The Grapes of Wrath","Drama,History"
"412","The Great Dictator","1940",13,"Outstanding Production",0,"Charles Chaplin Productions",31994,"tt0032553","The Great Dictator","Comedy,Drama,War"
"413","The Great Ziegfeld","1936",9,"Outstanding Production",1,"Metro-Goldwyn-Mayer",27232,"tt0027698","The Great Ziegfeld","Biography,Drama,Musical"
"414","The Greatest Show on Earth","1952",25,"Best Motion Picture",1,"Cecil B. DeMille, Producer",43910,"tt0044672","The Greatest Show on Earth","Drama,Family,Romance"
"415","The Green Mile","1999",72,"Best Picture",0,"David Valdes and Frank Darabont, Producers",117968,"tt0120689","The Green Mile","Crime,Drama,Fantasy"
"416","The Guns of Navarone","1961",34,"Best Motion Picture",0,"Carl Foreman, Producer",53953,"tt0054953","The Guns of Navarone","Action,Adventure,Drama"
"417","The Heiress","1949",22,"Best Motion Picture",0,"Paramount",40755,"tt0041452","The Heiress","Drama,Romance"
"418","The Help","2011",84,"Best Picture",0,"Brunson Green, Chris Columbus and Michael Barnathan, Producers",1405504,"tt1454029","The Help","Drama"
"419","The Hours","2002",75,"Best Picture",0,"Scott Rudin and Robert Fox, Producers",263452,"tt0274558","The Hours","Drama,Romance"
"420","The House of Rothschild","1934",7,"Outstanding Production",0,"20th Century [Third]",24858,"tt0025272","The House of Rothschild","Biography,Drama,History"
"421","The Human Comedy","1943",16,"Outstanding Motion Picture",0,"Metro-Goldwyn-Mayer",35414,"tt0036022","The Human Comedy","Comedy,Drama,Family"
"423","The Hustler","1961",34,"Best Motion Picture",0,"Robert Rossen, Producer",53995,"tt0054997","The Hustler","Drama,Sport"
"424","The Imitation Game","2014",87,"Best Picture",0,"Nora Grossman, Ido Ostrowsky and Teddy Schwarzman, Producers",2013514,"tt2084970","The Imitation Game","Biography,Drama,History"
"425","The Informer","1935",8,"Outstanding Production",0,"RKO Radio [Second]",26084,"tt0026529","The Informer","Crime,Drama"
"426","The Insider","1999",72,"Best Picture",0,"Michael Mann and Pieter Jan Brugge, Producers",136430,"tt0140352","The Insider","Biography,Drama,Thriller"
"428","The Kids Are All Right","2010",83,"Best Picture",0,"Gary Gilbert, Jeffrey Levy-Hinte and Celine Rattray, Producers",817804,"tt0842926","The Kids Are All Right","Comedy,Drama,Romance"
"429","The Killing Fields","1984",57,"Best Picture",0,"David Puttnam, Producer",85689,"tt0087553","The Killing Fields","Biography,Drama,History"
"430","The King's Speech","2010",83,"Best Picture",1,"Iain Canning, Emile Sherman and Gareth Unwin, Producers",1454048,"tt1504320","The King's Speech","Biography,Drama"
"431","The King and I","1956",29,"Best Motion Picture",0,"Charles Brackett, Producer",48553,"tt0049408","The King and I","Biography,Drama,Musical"
"432","The Last Emperor","1987",60,"Best Picture",1,"Jeremy Thomas, Producer",91393,"tt0093389","The Last Emperor","Biography,Drama,History"
"433","The Last Picture Show","1971",44,"Best Picture",0,"Stephen J. Friedman, Producer",66023,"tt0067328","The Last Picture Show","Drama"
"434","The Letter","1940",13,"Outstanding Production",0,"Warner Brothers",32140,"tt0032701","The Letter","Crime,Drama,Film-Noir"
"435","The Life of Emile Zola","1937",10,"Outstanding Production",1,"Warner Brothers",28655,"tt0029146","The Life of Emile Zola","Biography,Drama"
"436","The Lion in Winter","1968",41,"Best Picture",0,"Martin Poll, Producer",62022,"tt0063227","The Lion in Winter","Biography,Drama,History"
"437","The Little Foxes","1941",14,"Outstanding Motion Picture",0,"Samuel Goldwyn Productions",33256,"tt0033836","The Little Foxes","Drama,Romance"
"438","The Lives of a Bengal Lancer","1935",8,"Outstanding Production",0,"Paramount",26192,"tt0026643","The Lives of a Bengal Lancer","Adventure,Drama"
"439","The Long Voyage Home","1940",13,"Outstanding Production",0,"Argosy-Wanger",32165,"tt0032728","The Long Voyage Home","Drama,War"
"440","The Longest Day","1962",35,"Best Picture",0,"Darryl F. Zanuck, Producer",55166,"tt0056197","The Longest Day","Action,Drama,History"
"441","The Lord of the Rings: The Fellowship of the Ring","2001",74,"Best Picture",0,"Peter Jackson, Fran Walsh and Barrie M. Osborne, Producers",118005,"tt0120737","The Lord of the Rings: The Fellowship of the Ring","Adventure,Drama,Fantasy"
"442","The Lord of the Rings: The Return of the King","2003",76,"Best Picture",1,"Barrie M. Osborne, Peter Jackson and Fran Walsh, Producers",161898,"tt0167260","The Lord of the Rings: The Return of the King","Adventure,Drama,Fantasy"
"443","The Lord of the Rings: The Two Towers","2002",75,"Best Picture",0,"Barrie M. Osborne, Fran Walsh and Peter Jackson, Producers",161899,"tt0167261","The Lord of the Rings: The Two Towers","Adventure,Drama,Fantasy"
"444","The Lost Weekend","1945",18,"Best Motion Picture",1,"Paramount",37242,"tt0037884","The Lost Weekend","Drama,Film-Noir"
"446","The Magnificent Ambersons","1942",15,"Outstanding Motion Picture",0,"Mercury",34421,"tt0035015","The Magnificent Ambersons","Drama,Romance"
"447","The Maltese Falcon","1941",14,"Outstanding Motion Picture",0,"Warner Brothers",33290,"tt0033870","The Maltese Falcon","Film-Noir,Mystery"
"448","The Martian","2015",88,"Best Picture",0,"Simon Kinberg, Ridley Scott, Michael Schaefer and Mark Huffam, Producers",2831198,"tt3659388","The Martian","Adventure,Drama,Sci-Fi"
"449","The Mission","1986",59,"Best Picture",0,"Fernando Ghia and David Puttnam, Producers",89576,"tt0091530","The Mission","Adventure,Drama,History"
"450","The More the Merrier","1943",16,"Outstanding Motion Picture",0,"Columbia",35560,"tt0036172","The More the Merrier","Comedy,Romance,War"
"451","The Nun's Story","1959",32,"Best Motion Picture",0,"Henry Blanke, Producer",52169,"tt0053131","The Nun's Story","Drama"
"452","The Ox-Bow Incident","1943",16,"Outstanding Motion Picture",0,"20th Century-Fox",35632,"tt0036244","The Ox-Bow Incident","Drama,Western"
"453","The Philadelphia Story","1940",13,"Outstanding Production",0,"Metro-Goldwyn-Mayer",32337,"tt0032904","The Philadelphia Story","Comedy,Romance"
"454","The Pianist","2002",75,"Best Picture",0,"Roman Polanski, Robert Benmussa and Alain Sarde, Producers",243247,"tt0253474","The Pianist","Biography,Drama,Music"
"455","The Piano","1993",66,"Best Picture",0,"Jan Chapman, Producer",105517,"tt0107822","The Piano","Drama,Music,Romance"
"456","The Pied Piper","1942",15,"Outstanding Motion Picture",0,"20th Century-Fox",34593,"tt0035189","The Pied Piper","Drama"
"458","The Pride of the Yankees","1942",15,"Outstanding Motion Picture",0,"Samuel Goldwyn Productions",34615,"tt0035211","The Pride of the Yankees","Biography,Drama,Romance"
"459","The Prince of Tides","1991",64,"Best Picture",0,"Barbra Streisand and Andrew Karsch, Producers",100499,"tt0102713","The Prince of Tides","Drama,Romance"
"461","The Queen","2006",79,"Best Picture",0,"Andy Harries, Christine Langan and Tracey Seaward, Producers",420032,"tt0436697","The Queen","Biography,Drama"
"462","The Quiet Man","1952",25,"Best Motion Picture",0,"John Ford and Merian C. Cooper, Producers",44291,"tt0045061","The Quiet Man","Comedy,Drama,Romance"
"463","The Razor's Edge","1946",19,"Best Motion Picture",0,"20th Century-Fox",38219,"tt0038873","The Razor's Edge","Drama,Romance"
"464","The Reader","2008",81,"Best Picture",0,"Anthony Minghella, Sydney Pollack, Donna Gigliotti and Redmond Morris, Producers",946613,"tt0976051","The Reader","Drama,Romance"
"465","The Red Shoes","1948",21,"Best Motion Picture",0,"J. Arthur Rank-Archers",40042,"tt0040725","The Red Shoes","Drama,Music,Romance"
"466","The Remains of the Day","1993",66,"Best Picture",0,"Mike Nichols, John Calley and Ismail Merchant, Producers",105637,"tt0107943","The Remains of the Day","Drama,Romance"
"467","The Revenant","2015",88,"Best Picture",0,"Arnon Milchan, Steve Golin, Alejandro G. Iñárritu, Mary Parent and Keith Redmon, Producers",1607393,"tt1663202","The Revenant","Adventure,Drama,History"
"468","The Right Stuff","1983",56,"Best Picture",0,"Irwin Winkler and Robert Chartoff, Producers",84365,"tt0086197","The Right Stuff","Adventure,Biography,Drama"
"469","The Robe","1953",26,"Best Motion Picture",0,"Frank Ross, Producer",45453,"tt0046247","The Robe","Drama,History"
"470","The Rose Tattoo","1955",28,"Best Motion Picture",0,"Hal B. Wallis, Producer",47715,"tt0048563","The Rose Tattoo","Comedy,Drama,Romance"
"472","The Sand Pebbles","1966",39,"Best Picture",0,"Robert Wise, Producer",59799,"tt0060934","The Sand Pebbles","Adventure,Drama,Romance"
"473","The Shawshank Redemption","1994",67,"Best Picture",0,"Niki Marvin, Producer",108798,"tt0111161","The Shawshank Redemption","Crime,Drama"
"474","The Silence of the Lambs","1991",64,"Best Picture",1,"Edward Saxon, Kenneth Utt and Ron Bozman, Producers",100712,"tt0102926","The Silence of the Lambs","Crime,Drama,Thriller"
"475","The Sixth Sense","1999",72,"Best Picture",0,"Frank Marshall, Kathleen Kennedy and Barry Mendel, Producers",162031,"tt0167404","The Sixth Sense","Drama,Mystery,Thriller"
"477","The Snake Pit","1948",21,"Best Motion Picture",0,"20th Century-Fox",40122,"tt0040806","The Snake Pit","Drama,Mystery"
"478","The Social Network","2010",83,"Best Picture",0,"Scott Rudin, Dana Brunetti, Michael De Luca and Ceán Chaffin, Producers",1242704,"tt1285016","The Social Network","Biography,Drama"
"479","The Song of Bernadette","1943",16,"Outstanding Motion Picture",0,"20th Century-Fox",35764,"tt0036377","The Song of Bernadette","Biography,Drama"
"480","The Sound of Music","1965",38,"Best Picture",1,"Robert Wise, Producer",58639,"tt0059742","The Sound of Music","Biography,Drama,Family"
"481","The Sting","1973",46,"Best Picture",1,"Tony Bill, Michael Phillips and Julia Phillips, Producers",69332,"tt0070735","The Sting","Comedy,Crime,Drama"
"482","The Story of Louis Pasteur","1936",9,"Outstanding Production",0,"Cosmopolitan",27833,"tt0028313","The Story of Louis Pasteur","Biography,Drama,History"
"483","The Sundowners","1960",33,"Best Motion Picture",0,"Fred Zinnemann, Producer",53363,"tt0054353","The Sundowners","Adventure,Drama"
"484","The Talk of the Town","1942",15,"Outstanding Motion Picture",0,"Columbia",34818,"tt0035417","The Talk of the Town","Comedy,Drama,Romance"
"485","The Ten Commandments","1956",29,"Best Motion Picture",0,"Cecil B. DeMille, Producer",48970,"tt0049833","The Ten Commandments","Adventure,Drama"
"486","The Theory of Everything","2014",87,"Best Picture",0,"Tim Bevan, Eric Fellner, Lisa Bruce and Anthony McCarten, Producers",2539517,"tt2980516","The Theory of Everything","Biography,Drama,Romance"
"487","The Thin Man","1934",7,"Outstanding Production",0,"Metro-Goldwyn-Mayer",25446,"tt0025878","The Thin Man","Comedy,Crime,Mystery"
"488","The Thin Red Line","1998",71,"Best Picture",0,"Robert Michael Geisler, John Roberdeau and Grant Hill, Producers",118102,"tt0120863","The Thin Red Line","Drama,War"
"489","The Towering Inferno","1974",47,"Best Picture",0,"Irwin Allen, Producer",70863,"tt0072308","The Towering Inferno","Action,Drama,Thriller"
"490","The Treasure of the Sierra Madre","1948",21,"Best Motion Picture",0,"Warner Brothers",40211,"tt0040897","The Treasure of the Sierra Madre","Adventure,Drama,Western"
"491","The Tree of Life","2011",84,"Best Picture",0,"Sarah Green, Bill Pohlad, Dede Gardner and Grant Hill, Producers",460532,"tt0478304","The Tree of Life","Drama,Fantasy"
"492","The Turning Point","1977",50,"Best Picture",0,"Herbert Ross and Arthur Laurents, Producers",75271,"tt0076843","The Turning Point","Drama,Romance"
"493","The Verdict","1982",55,"Best Picture",0,"Richard D. Zanuck and David Brown, Producers",83057,"tt0084855","The Verdict","Drama"
"494","The White Parade","1934",7,"Outstanding Production",0,"Jesse L. Lasky (production company)",25552,"tt0025986","The White Parade","Drama"
"495","The Wizard of Oz","1939",12,"Outstanding Production",0,"Metro-Goldwyn-Mayer",31586,"tt0032138","The Wizard of Oz","Adventure,Family,Fantasy"
"496","The Wolf of Wall Street","2013",86,"Best Picture",0,"Martin Scorsese, Leonardo DiCaprio, Joey McFarland and Emma Tillinger Koskoff, Producers",963927,"tt0993846","The Wolf of Wall Street","Biography,Comedy,Crime"
"497","The Yearling","1946",19,"Best Motion Picture",0,"Metro-Goldwyn-Mayer",38453,"tt0039111","The Yearling","Drama,Family"
"498","There Will Be Blood","2007",80,"Best Picture",0,"JoAnne Sellar, Paul Thomas Anderson and Daniel Lupi, Producers",451975,"tt0469494","There Will Be Blood","Drama,History"
"499","Three Coins in the Fountain","1954",27,"Best Motion Picture",0,"Sol C. Siegel, Producer",46750,"tt0047580","Three Coins in the Fountain","Drama"
"500","Three Smart Girls","1936",9,"Outstanding Production",0,"Universal",27892,"tt0028373","Three Smart Girls","Comedy,Musical,Romance"
"501","Titanic","1997",70,"Best Picture",1,"James Cameron and Jon Landau, Producers",117657,"tt0120338","Titanic","Drama,Romance"
"502","To Kill a Mockingbird","1962",35,"Best Picture",0,"Alan J. Pakula, Producer",55553,"tt0056592","To Kill a Mockingbird","Crime,Drama"
"503","Tom Jones","1963",36,"Best Picture",1,"Tony Richardson, Producer",56531,"tt0057590","Tom Jones","Adventure,Comedy,History"
"504","Tootsie","1982",55,"Best Picture",0,"Sydney Pollack and Dick Richards, Producers",83010,"tt0084805","Tootsie","Comedy,Drama,Romance"
"505","Top Hat","1935",8,"Outstanding Production",0,"RKO Radio",26665,"tt0027125","Top Hat","Comedy,Musical,Romance"
"506","Toy Story 3","2010",83,"Best Picture",0,"Darla K. Anderson, Producer",419118,"tt0435761","Toy Story 3","Adventure,Animation,Comedy"
"507","Trader Horn","1931",4,"Outstanding Production",0,"Metro-Goldwyn-Mayer",22145,"tt0022495","Trader Horn","Adventure,Romance"
"508","Traffic","2000",73,"Best Picture",0,"Edward Zwick, Marshall Herskovitz and Laura Bickford, Producers",175704,"tt0181865","Traffic","Crime,Drama,Thriller"
"509","True Grit","2010",83,"Best Picture",0,"Scott Rudin, Ethan Coen and Joel Coen, Producers",1356881,"tt1403865","True Grit","Adventure,Drama,Western"
"510","Twelve O'Clock High","1949",22,"Best Motion Picture",0,"20th Century-Fox",41287,"tt0041996","Twelve O'Clock High","Drama,War"
"511","Unforgiven","1992",65,"Best Picture",1,"Clint Eastwood, Producer",103438,"tt0105695","Unforgiven","Drama,Western"
"512","Up","2009",82,"Best Picture",0,"Jonas Rivera, Producer",1017541,"tt1049413","Up","Adventure,Animation,Comedy"
"513","Up in the Air","2009",82,"Best Picture",0,"Daniel Dubiecki, Ivan Reitman and Jason Reitman, Producers",1154757,"tt1193138","Up in the Air","Drama,Romance"
"514","Viva Villa!","1934",7,"Outstanding Production",0,"Metro-Goldwyn-Mayer",25515,"tt0025948","Viva Villa!","Biography,Western"
"515","Wake Island","1942",15,"Outstanding Motion Picture",0,"Paramount",34930,"tt0035530","Wake Island","Action,Drama,War"
"516","War Horse","2011",84,"Best Picture",0,"Steven Spielberg and Kathleen Kennedy, Producers",1516147,"tt1568911","War Horse","Drama,War"
"517","Watch on the Rhine","1943",16,"Outstanding Motion Picture",0,"Warner Brothers",35900,"tt0036515","Watch on the Rhine","Drama"
"518","West Side Story","1961",34,"Best Motion Picture",1,"Robert Wise, Producer",54595,"tt0055614","West Side Story","Crime,Drama,Musical"
"519","Whiplash","2014",87,"Best Picture",0,"Jason Blum, Helen Estabrook and David Lancaster, Producers",2372541,"tt2582802","Whiplash","Drama,Music"
"520","Who's Afraid of Virginia Woolf?","1966",39,"Best Picture",0,"Ernest Lehman, Producer",60041,"tt0061184","Who's Afraid of Virginia Woolf?","Drama"
"521","Wilson","1944",17,"Best Motion Picture",0,"20th Century-Fox",36831,"tt0037465","Wilson","Biography,Drama,History"
"522","Winter's Bone","2010",83,"Best Picture",0,"Anne Rosellini and Alix Madigan-Yorkin, Producers",1352851,"tt1399683","Winter's Bone","Drama"
"523","Witness","1985",58,"Best Picture",0,"Edward S. Feldman, Producer",88402,"tt0090329","Witness","Crime,Drama,Romance"
"524","Witness for the Prosecution","1957",30,"Best Motion Picture",0,"Arthur Hornblow, Jr., Producer",50302,"tt0051201","Witness for the Prosecution","Crime,Drama,Mystery"
"525","Working Girl","1988",61,"Best Picture",0,"Douglas Wick, Producer",94395,"tt0096463","Working Girl","Comedy,Drama,Romance"
"526","Wuthering Heights","1939",12,"Outstanding Production",0,"Samuel Goldwyn Productions",31593,"tt0032145","Wuthering Heights","Drama,Romance"
"527","Yankee Doodle Dandy","1942",15,"Outstanding Motion Picture",0,"Warner Brothers",34974,"tt0035575","Yankee Doodle Dandy","Biography,Drama,Musical"
"528","You Can't Take It with You","1938",11,"Outstanding Production",1,"Columbia",30466,"tt0030993","You Can't Take It with You","Comedy,Drama,Romance"
"529","Z","1969",42,"Best Picture",0,"Jacques Perrin and Hamed Rachedi, Producers",63973,"tt0065234","Z","Crime,Drama,History"
"530","Zero Dark Thirty","2012",85,"Best Picture",0,"Mark Boal, Kathryn Bigelow and Megan Ellison, Producers",1729649,"tt1790885","Zero Dark Thirty","Drama,Thriller"
